r;s;rhat;p;k;duration;bitsize
20000;40000;20000;0.02;1;0.20258116722106934;192560
20000;40000;20000;0.06;1;0.2568190097808838;166408
20000;40000;20000;0.08;1;0.24106168746948242;157368
20000;40000;20000;0.04;1;0.24113702774047852;175672
20000;40000;20000;0.14;1;0.27143001556396484;144760
20000;40000;20000;0.16;1;0.2841060161590576;141176
20000;40000;20000;0.12000000000000001;1;0.2644529342651367;148384
20000;40000;20000;0.1;1;0.26246190071105957;154200
20000;40000;20000;0.18;1;0.27022600173950195;137992
20000;40000;20000;0.19999999999999998;1;0.21146702766418457;135296
20000;40000;20000;0.21999999999999997;1;0.3053450584411621;132984
20000;40000;20000;0.23999999999999996;1;0.30823802947998047;130992
20000;40000;20000;0.3;1;0.29587292671203613;124688
20000;40000;20000;0.27999999999999997;1;0.28530287742614746;126208
20000;40000;20000;0.25999999999999995;1;0.3000049591064453;128128
20000;40000;20000;0.32;1;0.3220338821411133;123104
20000;40000;20000;0.34;1;0.22976422309875488;121912
20000;40000;20000;0.36000000000000004;1;0.2363262176513672;119568
20000;40000;20000;0.38000000000000006;1;0.30430006980895996;119480
20000;40000;20000;0.4000000000000001;1;0.29659485816955566;117808
20000;40000;20000;0.4200000000000001;1;0.32886409759521484;117848
20000;40000;20000;0.46000000000000013;1;0.39894819259643555;115640
20000;40000;20000;0.4400000000000001;1;0.30869317054748535;116712
20000;40000;20000;0.48000000000000015;1;0.3108842372894287;115240
20000;40000;20000;0.5000000000000001;1;0.29605579376220703;115336
20000;40000;20000;0.5200000000000001;1;0.3639349937438965;115120
20000;40000;20000;0.5400000000000001;1;0.46111202239990234;113936
20000;40000;20000;0.5600000000000002;1;0.40488600730895996;114064
20000;40000;20000;0.5800000000000002;1;0.45290613174438477;115120
20000;40000;40000;0.06;1;0.9343681335449219;332304
20000;40000;40000;0.04;1;1.0904357433319092;351096
20000;40000;40000;0.02;1;1.1060607433319092;384704
20000;40000;40000;0.08;1;0.9532608985900879;317816
20000;40000;40000;0.1;1;1.0084190368652344;305600
20000;40000;40000;0.14;1;0.8707149028778076;288096
20000;40000;40000;0.12000000000000001;1;0.9589428901672363;296960
20000;40000;40000;0.16;1;1.0399088859558105;281552
20000;40000;40000;0.18;1;1.0110759735107422;276384
20000;40000;40000;0.21999999999999997;1;1.075282335281372;265128
20000;40000;40000;0.19999999999999998;1;1.088526725769043;269760
20000;40000;40000;0.23999999999999996;1;1.0678460597991943;259840
20000;40000;40000;0.25999999999999995;1;1.0625908374786377;256496
20000;40000;40000;0.27999999999999997;1;1.1396148204803467;252880
20000;40000;40000;0.3;1;1.1183841228485107;250448
20000;40000;40000;0.32;1;1.0662620067596436;246032
20000;40000;40000;0.36000000000000004;1;1.0200450420379639;240752
20000;40000;40000;0.38000000000000006;1;1.0670981407165527;239304
20000;40000;40000;0.34;1;1.2909409999847412;244776
20000;40000;40000;0.4000000000000001;1;0.989098072052002;235824
20000;40000;40000;0.4200000000000001;1;1.0105407238006592;234952
20000;40000;40000;0.4400000000000001;1;1.0708122253417969;233104
20000;40000;40000;0.46000000000000013;1;1.0606870651245117;231472
20000;40000;40000;0.48000000000000015;1;1.4336848258972168;230784
20000;40000;40000;0.5000000000000001;1;1.2781281471252441;229544
20000;40000;40000;0.5200000000000001;1;1.333456039428711;229968
20000;40000;40000;0.5400000000000001;1;1.462585210800171;228048
20000;40000;40000;0.5600000000000002;1;1.2862520217895508;229312
20000;40000;40000;0.5800000000000002;1;1.300797939300537;230872
20000;40000;60000;0.02;1;1.581139326095581;575728
20000;40000;60000;0.04;1;1.6285929679870605;528096
20000;40000;60000;0.06;1;2.0600497722625732;499240
20000;40000;60000;0.08;1;1.8163480758666992;476040
20000;40000;60000;0.12000000000000001;1;1.5741608142852783;445120
20000;40000;60000;0.14;1;1.6592991352081299;433240
20000;40000;60000;0.1;1;1.8907251358032227;458168
20000;40000;60000;0.16;1;2.097675085067749;421992
20000;40000;60000;0.19999999999999998;1;2.115453004837036;406168
20000;40000;60000;0.18;1;2.136786937713623;413848
20000;40000;60000;0.21999999999999997;1;1.4717090129852295;398680
20000;40000;60000;0.23999999999999996;1;1.8428831100463867;391480
20000;40000;60000;0.25999999999999995;1;1.880094051361084;383528
20000;40000;60000;0.27999999999999997;1;1.8423290252685547;380136
20000;40000;60000;0.3;1;1.7701101303100586;374824
20000;40000;60000;0.32;1;1.7704062461853027;369264
20000;40000;60000;0.36000000000000004;1;1.606767177581787;360584
20000;40000;60000;0.34;1;1.8271327018737793;364840
20000;40000;60000;0.38000000000000006;1;2.101206064224243;357776
20000;40000;60000;0.4200000000000001;1;1.7745189666748047;351104
20000;40000;60000;0.4000000000000001;1;1.7629508972167969;354536
20000;40000;60000;0.4400000000000001;1;1.9757969379425049;349944
20000;40000;60000;0.46000000000000013;1;2.1265130043029785;346296
20000;40000;60000;0.48000000000000015;1;1.95396089553833;345920
20000;40000;60000;0.5000000000000001;1;2.2196240425109863;344568
20000;40000;60000;0.5200000000000001;1;2.065455198287964;343960
20000;40000;60000;0.5600000000000002;1;2.3486080169677734;344664
20000;40000;80000;0.02;1;1.9451560974121094;770808
20000;40000;60000;0.5800000000000002;1;2.3379619121551514;345088
20000;40000;80000;0.04;1;2.2122108936309814;703672
20000;40000;60000;0.5400000000000001;1;2.2554469108581543;343496
20000;40000;80000;0.06;1;2.63871169090271;663744
20000;40000;80000;0.08;1;2.0361669063568115;636344
20000;40000;80000;0.1;1;2.257361888885498;612104
20000;40000;80000;0.12000000000000001;1;2.197157144546509;594208
20000;40000;80000;0.14;1;2.711918830871582;576472
20000;40000;80000;0.18;1;2.857553005218506;551976
20000;40000;80000;0.16;1;2.880413770675659;565552
20000;40000;80000;0.19999999999999998;1;2.834970235824585;541712
20000;40000;80000;0.21999999999999997;1;2.589735269546509;532168
20000;40000;80000;0.23999999999999996;1;2.7706809043884277;520520
20000;40000;80000;0.25999999999999995;1;2.9293510913848877;512864
20000;40000;80000;0.27999999999999997;1;2.539398193359375;506360
20000;40000;80000;0.3;1;2.626633882522583;500824
20000;40000;80000;0.32;1;2.3970627784729004;493288
20000;40000;80000;0.34;1;2.4810659885406494;487536
20000;40000;80000;0.36000000000000004;1;2.5265908241271973;482600
20000;40000;80000;0.38000000000000006;1;2.5024850368499756;477448
20000;40000;80000;0.4000000000000001;1;2.441473960876465;472360
20000;40000;80000;0.4200000000000001;1;2.4568159580230713;469264
20000;40000;80000;0.4400000000000001;1;2.433842182159424;465784
20000;40000;80000;0.46000000000000013;1;2.5541069507598877;462176
20000;40000;80000;0.48000000000000015;1;2.490834951400757;462688
20000;40000;80000;0.5000000000000001;1;2.487665891647339;459032
20000;40000;80000;0.5200000000000001;1;2.772634744644165;458952
20000;40000;80000;0.5400000000000001;1;2.827197313308716;458672
20000;40000;80000;0.5600000000000002;1;2.7398838996887207;458528
20000;40000;80000;0.5800000000000002;1;3.32124400138855;461872
20000;40000;100000;0.02;1;3.075942277908325;962760
20000;40000;100000;0.06;1;3.2635371685028076;832760
20000;40000;100000;0.04;1;3.5540730953216553;882224
20000;40000;100000;0.08;1;3.247495174407959;795160
20000;40000;100000;0.1;1;2.8577029705047607;766352
20000;40000;100000;0.12000000000000001;1;2.8417069911956787;742136
20000;40000;100000;0.14;1;3.528777837753296;722504
20000;40000;100000;0.16;1;3.059493064880371;706192
20000;40000;100000;0.18;1;3.727865695953369;689424
20000;40000;100000;0.19999999999999998;1;2.9565000534057617;675048
20000;40000;100000;0.21999999999999997;1;3.058561086654663;663304
20000;40000;100000;0.23999999999999996;1;3.196545124053955;652344
20000;40000;100000;0.25999999999999995;1;3.6977458000183105;641560
20000;40000;100000;0.27999999999999997;1;3.726288080215454;632648
20000;40000;100000;0.3;1;2.7929201126098633;623048
20000;40000;100000;0.32;1;3.694448947906494;617104
20000;40000;100000;0.34;1;3.2707929611206055;607464
20000;40000;100000;0.36000000000000004;1;3.738753080368042;602656
20000;40000;100000;0.38000000000000006;1;3.754103183746338;596560
20000;40000;100000;0.4000000000000001;1;3.646751880645752;590976
20000;40000;100000;0.4200000000000001;1;3.3658571243286133;585712
20000;40000;100000;0.4400000000000001;1;3.0565125942230225;581408
20000;40000;100000;0.46000000000000013;1;3.8033368587493896;579008
20000;40000;100000;0.48000000000000015;1;3.492445945739746;576008
20000;40000;100000;0.5000000000000001;1;3.871772050857544;573504
20000;40000;100000;0.5200000000000001;1;3.5626277923583984;573976
20000;40000;100000;0.5400000000000001;1;3.4197678565979004;572856
20000;40000;100000;0.5600000000000002;1;3.508301019668579;574400
20000;40000;120000;0.02;1;3.5674819946289062;1155248
20000;40000;100000;0.5800000000000002;1;4.007472991943359;576040
20000;40000;120000;0.04;1;3.3782799243927;1057504
20000;40000;120000;0.06;1;3.6636412143707275;997512
20000;40000;120000;0.08;1;3.9181997776031494;951792
20000;40000;120000;0.1;1;4.026012182235718;918512
20000;40000;120000;0.12000000000000001;1;3.9174137115478516;891344
20000;40000;120000;0.14;1;3.9408397674560547;866568
20000;40000;120000;0.16;1;3.800915002822876;845776
20000;40000;120000;0.18;1;3.662123203277588;827128
20000;40000;120000;0.19999999999999998;1;3.9210097789764404;811760
20000;40000;120000;0.21999999999999997;1;4.040292739868164;795992
20000;40000;120000;0.23999999999999996;1;4.053323984146118;783216
20000;40000;120000;0.25999999999999995;1;4.2056708335876465;770552
20000;40000;120000;0.27999999999999997;1;4.077364921569824;760248
20000;40000;120000;0.3;1;4.164525032043457;747184
20000;40000;120000;0.32;1;4.047891139984131;738576
20000;40000;120000;0.34;1;3.87713885307312;730016
20000;40000;120000;0.36000000000000004;1;3.974276065826416;723576
20000;40000;120000;0.38000000000000006;1;4.03178071975708;716224
20000;40000;120000;0.4000000000000001;1;4.251964092254639;708384
20000;40000;120000;0.4200000000000001;1;4.0491719245910645;703016
20000;40000;120000;0.4400000000000001;1;4.137343883514404;699264
20000;40000;120000;0.46000000000000013;1;4.076696157455444;695048
20000;40000;120000;0.48000000000000015;1;4.04237699508667;691528
20000;40000;120000;0.5000000000000001;1;4.543015956878662;688736
20000;40000;120000;0.5200000000000001;1;4.398558139801025;686960
20000;40000;120000;0.5400000000000001;1;4.4945268630981445;688736
20000;40000;120000;0.5600000000000002;1;4.447351694107056;688616
20000;40000;140000;0.02;1;4.437583923339844;1348824
20000;40000;140000;0.04;1;4.43079400062561;1231344
20000;40000;120000;0.5800000000000002;1;5.091307163238525;691072
20000;40000;140000;0.06;1;4.054748296737671;1162240
20000;40000;140000;0.08;1;3.8662290573120117;1111496
20000;40000;140000;0.1;1;5.013321876525879;1073144
20000;40000;140000;0.12000000000000001;1;4.377386093139648;1039000
20000;40000;140000;0.14;1;5.315690040588379;1010880
20000;40000;140000;0.16;1;4.241026163101196;988680
20000;40000;140000;0.18;1;5.563900947570801;963520
20000;40000;140000;0.21999999999999997;1;5.930022716522217;928776
20000;40000;140000;0.23999999999999996;1;5.939535856246948;914120
20000;40000;140000;0.19999999999999998;1;6.32822585105896;946216
20000;40000;140000;0.25999999999999995;1;6.0166661739349365;899040
20000;40000;140000;0.27999999999999997;1;5.5678489208221436;885888
20000;40000;140000;0.32;1;6.0748291015625;862960
20000;40000;140000;0.3;1;6.516176223754883;872664
20000;40000;140000;0.34;1;5.28881311416626;853296
20000;40000;140000;0.36000000000000004;1;5.035279035568237;842624
20000;40000;140000;0.38000000000000006;1;4.498178958892822;835008
20000;40000;140000;0.4000000000000001;1;5.898895978927612;828608
20000;40000;140000;0.4200000000000001;1;6.291215896606445;821544
20000;40000;140000;0.4400000000000001;1;6.674145936965942;816680
20000;40000;140000;0.46000000000000013;1;5.163250923156738;810536
20000;40000;140000;0.48000000000000015;1;5.828743934631348;807424
20000;40000;140000;0.5000000000000001;1;6.267855167388916;804312
20000;40000;140000;0.5200000000000001;1;6.1928791999816895;804568
20000;40000;140000;0.5400000000000001;1;6.08978009223938;801848
20000;40000;140000;0.5600000000000002;1;5.874599933624268;803000
20000;40000;160000;0.02;1;4.681500196456909;1539736
20000;40000;140000;0.5800000000000002;1;5.853737115859985;806640
20000;40000;160000;0.04;1;5.356281042098999;1411192
20000;40000;160000;0.06;1;5.874383926391602;1327264
20000;40000;160000;0.08;1;5.347568035125732;1271192
20000;40000;160000;0.1;1;5.32971978187561;1224656
20000;40000;160000;0.12000000000000001;1;4.969776153564453;1188296
20000;40000;160000;0.14;1;6.032777309417725;1156256
20000;40000;160000;0.16;1;5.828618049621582;1129416
20000;40000;160000;0.18;1;5.984624147415161;1104848
20000;40000;160000;0.19999999999999998;1;5.136024713516235;1082336
20000;40000;160000;0.21999999999999997;1;5.128827095031738;1062448
20000;40000;160000;0.23999999999999996;1;5.925652980804443;1044696
20000;40000;160000;0.25999999999999995;1;5.778976202011108;1029152
20000;40000;160000;0.27999999999999997;1;5.711372137069702;1010208
20000;40000;160000;0.3;1;5.3438169956207275;997640
20000;40000;160000;0.32;1;5.249776124954224;986176
20000;40000;160000;0.34;1;5.431782007217407;973872
20000;40000;160000;0.36000000000000004;1;5.815903902053833;962880
20000;40000;160000;0.38000000000000006;1;5.958707094192505;952840
20000;40000;160000;0.4000000000000001;1;5.26229190826416;944864
20000;40000;160000;0.4200000000000001;1;5.8821539878845215;938880
20000;40000;160000;0.4400000000000001;1;5.78462815284729;930968
20000;40000;160000;0.46000000000000013;1;6.401366710662842;926448
20000;40000;160000;0.48000000000000015;1;6.585215091705322;921816
20000;40000;160000;0.5000000000000001;1;6.712414026260376;918816
20000;40000;160000;0.5200000000000001;1;6.251557111740112;918576
20000;40000;160000;0.5400000000000001;1;5.720070123672485;919128
20000;40000;180000;0.02;1;5.442957878112793;1735232
20000;40000;160000;0.5600000000000002;1;7.142889976501465;918584
20000;40000;180000;0.04;1;5.523313999176025;1584936
20000;40000;160000;0.5800000000000002;1;6.665247201919556;922168
20000;40000;180000;0.06;1;5.866071701049805;1495344
20000;40000;180000;0.08;1;6.053736925125122;1429616
20000;40000;180000;0.1;1;5.749974966049194;1379528
20000;40000;180000;0.12000000000000001;1;6.535282850265503;1336576
20000;40000;180000;0.14;1;6.341930866241455;1301216
20000;40000;180000;0.16;1;5.63730001449585;1267104
20000;40000;180000;0.18;1;7.109340190887451;1239488
20000;40000;180000;0.19999999999999998;1;7.165411949157715;1217672
20000;40000;180000;0.21999999999999997;1;5.487540006637573;1193120
20000;40000;180000;0.25999999999999995;1;6.545902252197266;1156584
20000;40000;180000;0.23999999999999996;1;7.207814931869507;1175880
20000;40000;180000;0.27999999999999997;1;6.189399003982544;1138360
20000;40000;180000;0.3;1;7.207741022109985;1123936
20000;40000;180000;0.32;1;7.466889142990112;1109000
20000;40000;180000;0.34;1;6.190396785736084;1097152
20000;40000;180000;0.36000000000000004;1;6.8326520919799805;1083584
20000;40000;180000;0.38000000000000006;1;6.910867929458618;1072848
20000;40000;180000;0.4000000000000001;1;6.795123338699341;1063288
20000;40000;180000;0.4200000000000001;1;6.852708101272583;1055664
20000;40000;180000;0.4400000000000001;1;6.993784666061401;1048256
20000;40000;180000;0.46000000000000013;1;6.0384368896484375;1041592
20000;40000;180000;0.48000000000000015;1;7.121631145477295;1037448
20000;40000;180000;0.5000000000000001;1;7.457308053970337;1032584
20000;40000;180000;0.5200000000000001;1;6.7329490184783936;1032416
20000;40000;180000;0.5400000000000001;1;7.293578863143921;1032192
20000;40000;180000;0.5600000000000002;1;6.357616186141968;1032384
20000;40000;200000;0.02;1;6.279822826385498;1931336
20000;40000;180000;0.5800000000000002;1;6.905364990234375;1036192
20000;40000;200000;0.04;1;6.530222654342651;1762088
20000;40000;200000;0.06;1;6.839610815048218;1657992
20000;40000;200000;0.08;1;7.163919925689697;1591392
20000;40000;200000;0.1;1;6.897839784622192;1530416
20000;40000;200000;0.12000000000000001;1;7.8613600730896;1485800
20000;40000;200000;0.14;1;7.148266077041626;1442952
20000;40000;200000;0.16;1;6.582141160964966;1412376
20000;40000;200000;0.18;1;6.60529899597168;1379424
20000;40000;200000;0.19999999999999998;1;6.754702091217041;1350984
20000;40000;200000;0.21999999999999997;1;6.303568124771118;1326632
20000;40000;200000;0.23999999999999996;1;7.563860177993774;1306952
20000;40000;200000;0.25999999999999995;1;7.727370977401733;1284544
20000;40000;200000;0.27999999999999997;1;7.178085803985596;1264400
20000;40000;200000;0.3;1;8.23626708984375;1247920
20000;40000;200000;0.32;1;8.423954010009766;1233376
20000;40000;200000;0.34;1;8.293046951293945;1217152
20000;40000;200000;0.36000000000000004;1;7.645281791687012;1206064
20000;40000;200000;0.38000000000000006;1;8.428561925888062;1193368
20000;40000;200000;0.4000000000000001;1;7.809080123901367;1183056
20000;40000;200000;0.4200000000000001;1;6.63633918762207;1172088
20000;40000;200000;0.4400000000000001;1;8.454075813293457;1163056
20000;40000;200000;0.46000000000000013;1;6.768963813781738;1157472
20000;40000;200000;0.5000000000000001;1;9.035104036331177;1147320
20000;40000;200000;0.48000000000000015;1;9.244733810424805;1151880
20000;40000;200000;0.5200000000000001;1;9.132434129714966;1147432
20000;40000;200000;0.5400000000000001;1;7.824141025543213;1146168
20000;40000;200000;0.5600000000000002;1;9.565613031387329;1147400
20000;40000;200000;0.5800000000000002;1;8.872213125228882;1151864
20000;40000;220000;0.02;1;7.8089821338653564;2120016
20000;40000;220000;0.04;1;7.717706918716431;1934080
20000;40000;220000;0.06;1;7.209367752075195;1824552
20000;40000;220000;0.08;1;7.207373142242432;1746976
20000;40000;220000;0.1;1;7.912137031555176;1684032
20000;40000;220000;0.12000000000000001;1;7.33535623550415;1635416
20000;40000;220000;0.14;1;7.548144817352295;1588104
20000;40000;220000;0.16;1;7.4370198249816895;1551624
20000;40000;220000;0.18;1;8.239643812179565;1518680
20000;40000;220000;0.19999999999999998;1;8.328660011291504;1488840
20000;40000;220000;0.21999999999999997;1;8.177803993225098;1460160
20000;40000;220000;0.23999999999999996;1;7.676455974578857;1434736
20000;40000;220000;0.25999999999999995;1;8.228677988052368;1412680
20000;40000;220000;0.27999999999999997;1;8.29994010925293;1390160
20000;40000;220000;0.3;1;8.160737991333008;1373256
20000;40000;220000;0.32;1;8.435400009155273;1354384
20000;40000;220000;0.34;1;7.844199895858765;1339096
20000;40000;220000;0.36000000000000004;1;7.707104921340942;1327640
20000;40000;220000;0.38000000000000006;1;8.145899057388306;1311872
20000;40000;220000;0.4000000000000001;1;8.029547691345215;1299880
20000;40000;220000;0.4200000000000001;1;8.468928813934326;1289632
20000;40000;220000;0.4400000000000001;1;8.174521207809448;1279856
20000;40000;220000;0.46000000000000013;1;8.270955085754395;1273008
20000;40000;220000;0.48000000000000015;1;7.94130802154541;1268160
20000;40000;220000;0.5000000000000001;1;8.332666873931885;1263552
20000;40000;220000;0.5200000000000001;1;8.79404091835022;1260776
20000;40000;220000;0.5400000000000001;1;9.247299909591675;1262608
20000;40000;220000;0.5600000000000002;1;9.559189796447754;1261624
20000;40000;240000;0.02;1;7.886855125427246;2310504
20000;40000;220000;0.5800000000000002;1;9.552490234375;1267344
20000;40000;240000;0.04;1;7.710741996765137;2111768
20000;40000;240000;0.06;1;7.885058164596558;1991792
20000;40000;240000;0.08;1;8.329926013946533;1905176
20000;40000;240000;0.1;1;8.502608299255371;1837432
20000;40000;240000;0.12000000000000001;1;8.234938144683838;1779256
20000;40000;240000;0.14;1;8.453551054000854;1731448
20000;40000;240000;0.16;1;8.483181953430176;1693536
20000;40000;240000;0.18;1;8.84295105934143;1654976
20000;40000;240000;0.19999999999999998;1;8.54994797706604;1623808
20000;40000;240000;0.21999999999999997;1;8.460732221603394;1592888
20000;40000;240000;0.23999999999999996;1;9.171033143997192;1565856
20000;40000;240000;0.25999999999999995;1;8.248336791992188;1539088
20000;40000;240000;0.27999999999999997;1;8.268671035766602;1517760
20000;40000;240000;0.3;1;9.815701961517334;1498280
20000;40000;240000;0.32;1;9.379162073135376;1475456
20000;40000;240000;0.34;1;9.73073697090149;1458840
20000;40000;240000;0.36000000000000004;1;10.172307014465332;1446544
20000;40000;240000;0.38000000000000006;1;10.056210994720459;1432744
20000;40000;240000;0.4000000000000001;1;9.102976083755493;1418304
20000;40000;240000;0.4200000000000001;1;8.789798736572266;1409304
20000;40000;240000;0.4400000000000001;1;9.891016244888306;1398544
20000;40000;240000;0.46000000000000013;1;10.078099966049194;1390272
20000;40000;240000;0.48000000000000015;1;9.689804077148438;1382344
20000;40000;240000;0.5000000000000001;1;9.655904054641724;1379024
20000;40000;240000;0.5200000000000001;1;9.628818988800049;1375088
20000;40000;240000;0.5400000000000001;1;8.976856708526611;1375280
20000;40000;240000;0.5600000000000002;1;10.590175867080688;1376288
20000;40000;260000;0.02;1;9.029258966445923;2505752
20000;40000;240000;0.5800000000000002;1;11.363422155380249;1382344
20000;40000;260000;0.06;1;8.67763376235962;2157792
20000;40000;260000;0.04;1;9.180605411529541;2288032
20000;40000;260000;0.08;1;9.628432750701904;2062320
20000;40000;260000;0.1;1;9.401339769363403;1992800
20000;40000;260000;0.12000000000000001;1;9.570810794830322;1932008
20000;40000;260000;0.14;1;9.08574628829956;1879936
20000;40000;260000;0.16;1;8.946053981781006;1834008
20000;40000;260000;0.18;1;9.678727865219116;1794184
20000;40000;260000;0.19999999999999998;1;9.881371021270752;1757560
20000;40000;260000;0.21999999999999997;1;9.620664119720459;1723424
20000;40000;260000;0.23999999999999996;1;8.71592903137207;1698120
20000;40000;260000;0.25999999999999995;1;9.063679933547974;1667152
20000;40000;260000;0.27999999999999997;1;8.823555946350098;1644808
20000;40000;260000;0.3;1;9.817482233047485;1622160
20000;40000;260000;0.32;1;10.21447491645813;1602360
20000;40000;260000;0.34;1;9.215157985687256;1583296
20000;40000;260000;0.36000000000000004;1;8.995599031448364;1564952
20000;40000;260000;0.38000000000000006;1;9.621872186660767;1549272
20000;40000;260000;0.4000000000000001;1;10.39832091331482;1534288
20000;40000;260000;0.4400000000000001;1;10.461436033248901;1514896
20000;40000;260000;0.4200000000000001;1;11.056197881698608;1526744
20000;40000;260000;0.46000000000000013;1;8.955878019332886;1503152
20000;40000;260000;0.48000000000000015;1;9.433501958847046;1498944
20000;40000;260000;0.5000000000000001;1;10.772247791290283;1494440
20000;40000;260000;0.5200000000000001;1;10.81923508644104;1490480
20000;40000;260000;0.5400000000000001;1;10.926612854003906;1489776
20000;40000;260000;0.5600000000000002;1;9.349488019943237;1490448
20000;40000;280000;0.02;1;8.092060804367065;2697256
20000;40000;260000;0.5800000000000002;1;9.946912050247192;1497312
20000;40000;280000;0.04;1;9.659301042556763;2463120
20000;40000;280000;0.06;1;9.377989053726196;2322472
20000;40000;280000;0.08;1;8.098355054855347;2221184
20000;40000;280000;0.1;1;10.105132818222046;2142504
20000;40000;280000;0.12000000000000001;1;9.302908897399902;2078896
20000;40000;280000;0.14;1;9.952758073806763;2020376
20000;40000;280000;0.16;1;11.12936806678772;1976744
20000;40000;280000;0.18;1;8.866533994674683;1930904
20000;40000;280000;0.19999999999999998;1;10.756547927856445;1892384
20000;40000;280000;0.21999999999999997;1;11.93949007987976;1859480
20000;40000;280000;0.23999999999999996;1;11.506104230880737;1824976
20000;40000;280000;0.25999999999999995;1;10.031781911849976;1795600
20000;40000;280000;0.27999999999999997;1;11.571030855178833;1770824
20000;40000;280000;0.3;1;11.819826126098633;1745752
20000;40000;280000;0.32;1;11.533070087432861;1725880
20000;40000;280000;0.34;1;11.420703172683716;1705736
20000;40000;280000;0.36000000000000004;1;11.167839050292969;1687128
20000;40000;280000;0.38000000000000006;1;9.854345083236694;1669520
20000;40000;280000;0.4000000000000001;1;11.350517988204956;1655568
20000;40000;280000;0.4200000000000001;1;11.056046962738037;1644528
20000;40000;280000;0.4400000000000001;1;9.45763087272644;1632064
20000;40000;280000;0.46000000000000013;1;10.908663988113403;1620016
20000;40000;280000;0.48000000000000015;1;9.938771963119507;1615240
20000;40000;280000;0.5000000000000001;1;10.55616307258606;1606008
20000;40000;280000;0.5200000000000001;1;12.546020030975342;1604432
20000;40000;280000;0.5400000000000001;1;12.629868984222412;1602880
20000;40000;280000;0.5600000000000002;1;11.333636045455933;1606752
20000;40000;300000;0.02;1;10.72127628326416;2887248
20000;40000;300000;0.04;1;11.307595014572144;2642656
20000;40000;280000;0.5800000000000002;1;13.877373933792114;1613320
20000;40000;300000;0.06;1;11.353286266326904;2491008
20000;40000;300000;0.08;1;10.687304735183716;2385872
20000;40000;300000;0.1;1;9.71481704711914;2298648
20000;40000;300000;0.12000000000000001;1;11.32882308959961;2226168
20000;40000;300000;0.16;1;11.679501056671143;2115344
20000;40000;300000;0.14;1;11.99258804321289;2165592
20000;40000;300000;0.18;1;9.794924974441528;2068520
20000;40000;300000;0.19999999999999998;1;12.386187076568604;2030480
20000;40000;300000;0.21999999999999997;1;11.90351915359497;1990720
20000;40000;300000;0.23999999999999996;1;10.141785860061646;1956288
20000;40000;300000;0.25999999999999995;1;12.52786111831665;1928048
20000;40000;300000;0.27999999999999997;1;11.332635879516602;1897880
20000;40000;300000;0.3;1;10.166316986083984;1869560
20000;40000;300000;0.32;1;10.975189924240112;1849000
20000;40000;300000;0.34;1;12.682481050491333;1826208
20000;40000;300000;0.36000000000000004;1;11.25453495979309;1808384
20000;40000;300000;0.38000000000000006;1;11.039861917495728;1789880
20000;40000;300000;0.4000000000000001;1;12.361851930618286;1771736
20000;40000;300000;0.4200000000000001;1;10.127839803695679;1757312
20000;40000;300000;0.4400000000000001;1;11.754966974258423;1747208
20000;40000;300000;0.48000000000000015;1;12.023592233657837;1727768
20000;40000;300000;0.46000000000000013;1;12.334317922592163;1735336
20000;40000;300000;0.5000000000000001;1;10.882280826568604;1723208
20000;40000;300000;0.5200000000000001;1;12.737713813781738;1720400
20000;40000;300000;0.5400000000000001;1;14.182216882705688;1720168
20000;40000;320000;0.02;1;13.979353189468384;3079248
20000;40000;300000;0.5800000000000002;1;19.619353771209717;1730800
20000;40000;320000;0.04;1;15.31311583518982;2814216
20000;40000;320000;0.06;1;15.324956178665161;2656992
20000;40000;300000;0.5600000000000002;1;22.623921155929565;1722320
20000;40000;320000;0.08;1;16.86643695831299;2541704
20000;40000;320000;0.1;1;16.061789989471436;2453144
20000;40000;320000;0.12000000000000001;1;12.181183815002441;2372896
20000;40000;320000;0.14;1;12.002971172332764;2311200
20000;40000;320000;0.16;1;11.279065132141113;2257904
20000;40000;320000;0.18;1;12.91298508644104;2207376
20000;40000;320000;0.19999999999999998;1;13.110265970230103;2160480
20000;40000;320000;0.21999999999999997;1;12.395442008972168;2122248
20000;40000;320000;0.23999999999999996;1;12.616343021392822;2088288
20000;40000;320000;0.25999999999999995;1;11.84391188621521;2055136
20000;40000;320000;0.27999999999999997;1;12.830109119415283;2024856
20000;40000;320000;0.3;1;12.470118999481201;1997128
20000;40000;320000;0.32;1;12.900718927383423;1972120
20000;40000;320000;0.34;1;11.175771951675415;1945688
20000;40000;320000;0.36000000000000004;1;10.979235887527466;1926968
20000;40000;320000;0.38000000000000006;1;11.181435823440552;1907544
20000;40000;320000;0.4000000000000001;1;12.622627019882202;1892864
20000;40000;320000;0.4200000000000001;1;13.186660289764404;1876184
20000;40000;320000;0.4400000000000001;1;11.375905990600586;1862728
20000;40000;320000;0.46000000000000013;1;13.237987995147705;1850704
20000;40000;320000;0.48000000000000015;1;11.639394044876099;1844496
20000;40000;320000;0.5000000000000001;1;11.704477310180664;1837896
20000;40000;320000;0.5200000000000001;1;12.767537832260132;1833576
20000;40000;320000;0.5400000000000001;1;14.07551908493042;1834528
20000;40000;320000;0.5600000000000002;1;13.68911600112915;1836952
20000;40000;320000;0.5800000000000002;1;11.973497867584229;1843840
20000;40000;340000;0.02;1;10.38141393661499;3278864
20000;40000;340000;0.04;1;10.97458004951477;2991248
20000;40000;340000;0.06;1;10.913444995880127;2822048
20000;40000;340000;0.08;1;11.5916268825531;2696880
20000;40000;340000;0.1;1;11.026919841766357;2601776
20000;40000;340000;0.12000000000000001;1;11.838001728057861;2523976
20000;40000;340000;0.14;1;10.859912157058716;2459592
20000;40000;340000;0.16;1;13.765120029449463;2400384
20000;40000;340000;0.18;1;13.79045820236206;2345224
20000;40000;340000;0.19999999999999998;1;11.488894939422607;2298776
20000;40000;340000;0.21999999999999997;1;13.093785047531128;2257592
20000;40000;340000;0.23999999999999996;1;12.994937181472778;2216504
20000;40000;340000;0.25999999999999995;1;12.756558895111084;2183040
20000;40000;340000;0.27999999999999997;1;12.91264796257019;2150096
20000;40000;340000;0.3;1;13.370437145233154;2123456
20000;40000;340000;0.32;1;11.722043991088867;2093400
20000;40000;340000;0.34;1;11.749506950378418;2070656
20000;40000;340000;0.36000000000000004;1;13.223045825958252;2045784
20000;40000;340000;0.38000000000000006;1;12.640753984451294;2026800
20000;40000;340000;0.4000000000000001;1;13.57908010482788;2008632
20000;40000;340000;0.4200000000000001;1;13.89963698387146;1993640
20000;40000;340000;0.4400000000000001;1;13.505096912384033;1977080
20000;40000;340000;0.46000000000000013;1;12.569637775421143;1967304
20000;40000;340000;0.48000000000000015;1;14.217065811157227;1959200
20000;40000;340000;0.5000000000000001;1;14.99579906463623;1953584
20000;40000;340000;0.5200000000000001;1;12.445855140686035;1947656
20000;40000;340000;0.5400000000000001;1;14.701956748962402;1949792
20000;40000;340000;0.5600000000000002;1;14.380388021469116;1953560
20000;40000;360000;0.02;1;11.556311130523682;3467824
20000;40000;340000;0.5800000000000002;1;13.749917984008789;1958240
20000;40000;360000;0.04;1;11.695345163345337;3169400
20000;40000;360000;0.06;1;12.139395952224731;2988096
20000;40000;360000;0.08;1;11.623576879501343;2860176
20000;40000;360000;0.1;1;12.860244989395142;2756944
20000;40000;360000;0.12000000000000001;1;12.277347087860107;2674720
20000;40000;360000;0.14;1;11.835418701171875;2602760
20000;40000;360000;0.16;1;13.152452945709229;2536208
20000;40000;360000;0.18;1;14.395479917526245;2485080
20000;40000;360000;0.19999999999999998;1;14.102091789245605;2433408
20000;40000;360000;0.21999999999999997;1;12.450092792510986;2386776
20000;40000;360000;0.23999999999999996;1;14.57909893989563;2344200
20000;40000;360000;0.25999999999999995;1;14.04327392578125;2311864
20000;40000;360000;0.27999999999999997;1;14.71150517463684;2277240
20000;40000;360000;0.3;1;14.116436958312988;2248248
20000;40000;360000;0.32;1;13.68166184425354;2218976
20000;40000;360000;0.34;1;11.317174911499023;2191280
20000;40000;360000;0.36000000000000004;1;14.994962930679321;2167496
20000;40000;360000;0.38000000000000006;1;15.032474756240845;2144824
20000;40000;360000;0.4000000000000001;1;13.115786075592041;2125848
20000;40000;360000;0.4200000000000001;1;15.405423879623413;2112424
20000;40000;360000;0.4400000000000001;1;13.055788040161133;2095464
20000;40000;360000;0.46000000000000013;1;14.104575872421265;2082872
20000;40000;360000;0.48000000000000015;1;15.197876930236816;2074216
20000;40000;360000;0.5000000000000001;1;15.32466983795166;2069032
20000;40000;360000;0.5200000000000001;1;13.841813087463379;2061920
20000;40000;360000;0.5400000000000001;1;15.403884887695312;2063240
20000;40000;360000;0.5600000000000002;1;15.39861798286438;2067624
20000;40000;380000;0.02;1;11.511937141418457;3657904
20000;40000;360000;0.5800000000000002;1;13.99618911743164;2072384
20000;40000;380000;0.04;1;12.180484771728516;3342392
20000;40000;380000;0.06;1;12.67437481880188;3154208
20000;40000;380000;0.08;1;12.438589811325073;3020264
20000;40000;380000;0.1;1;12.708834886550903;2915520
20000;40000;380000;0.12000000000000001;1;14.071516752243042;2821224
20000;40000;380000;0.14;1;13.482178926467896;2748744
20000;40000;380000;0.16;1;13.651594877243042;2678016
20000;40000;380000;0.18;1;14.544614791870117;2621800
20000;40000;380000;0.19999999999999998;1;14.246469020843506;2570440
20000;40000;380000;0.21999999999999997;1;12.587478160858154;2522736
20000;40000;380000;0.23999999999999996;1;13.436808109283447;2479672
20000;40000;380000;0.25999999999999995;1;14.405071020126343;2442472
20000;40000;380000;0.27999999999999997;1;13.523897171020508;2409328
20000;40000;380000;0.3;1;14.69482707977295;2370712
20000;40000;380000;0.32;1;14.779151916503906;2338968
20000;40000;380000;0.34;1;14.034915924072266;2315232
20000;40000;380000;0.36000000000000004;1;12.857893228530884;2286856
20000;40000;380000;0.38000000000000006;1;14.444451093673706;2267440
20000;40000;380000;0.4000000000000001;1;15.142566919326782;2245128
20000;40000;380000;0.4200000000000001;1;14.432936906814575;2226312
20000;40000;380000;0.4400000000000001;1;14.958097219467163;2212904
20000;40000;380000;0.46000000000000013;1;14.3494131565094;2200560
20000;40000;380000;0.48000000000000015;1;13.313673973083496;2187264
20000;40000;380000;0.5200000000000001;1;15.54832124710083;2180096
20000;40000;380000;0.5400000000000001;1;15.57694387435913;2177368
20000;40000;380000;0.5000000000000001;1;15.477096319198608;2180064
20000;40000;380000;0.5600000000000002;1;14.298624992370605;2180568
20000;40000;380000;0.5800000000000002;1;16.165549993515015;2188088
20000;40000;400000;0.02;1;12.399914026260376;3854464
20000;40000;400000;0.04;1;13.248162031173706;3520520
20000;40000;400000;0.06;1;13.72455883026123;3318664
20000;40000;400000;0.08;1;13.090885162353516;3176696
20000;40000;400000;0.1;1;14.967766046524048;3063136
20000;40000;400000;0.12000000000000001;1;15.216084957122803;2970400
20000;40000;400000;0.14;1;15.346751928329468;2887512
20000;40000;400000;0.16;1;13.687255144119263;2823416
20000;40000;400000;0.18;1;15.434092044830322;2757928
20000;40000;400000;0.19999999999999998;1;14.132678270339966;2705440
20000;40000;400000;0.21999999999999997;1;13.781460285186768;2651000
20000;40000;400000;0.23999999999999996;1;15.574549198150635;2612880
20000;40000;400000;0.25999999999999995;1;13.382055282592773;2573200
20000;40000;400000;0.27999999999999997;1;13.869242191314697;2532296
20000;40000;400000;0.3;1;13.933048725128174;2496888
20000;40000;400000;0.32;1;15.901561975479126;2464272
20000;40000;400000;0.34;1;15.059179782867432;2437920
20000;40000;400000;0.36000000000000004;1;13.858479022979736;2410304
20000;40000;400000;0.38000000000000006;1;16.01239776611328;2385992
20000;40000;400000;0.4000000000000001;1;14.041724920272827;2362056
20000;40000;400000;0.4200000000000001;1;16.36183190345764;2342976
20000;40000;400000;0.4400000000000001;1;16.082191944122314;2326736
20000;40000;400000;0.46000000000000013;1;17.031494855880737;2313328
20000;40000;400000;0.48000000000000015;1;14.196250200271606;2302768
20000;40000;400000;0.5000000000000001;1;14.537497997283936;2298704
20000;40000;400000;0.5200000000000001;1;17.856762886047363;2294168
20000;40000;400000;0.5400000000000001;1;16.880409240722656;2291008
20000;40000;420000;0.02;1;15.663218975067139;4047864
20000;40000;400000;0.5600000000000002;1;18.730633974075317;2296376
20000;40000;420000;0.04;1;12.719281911849976;3696896
20000;40000;400000;0.5800000000000002;1;17.858865976333618;2301720
20000;40000;420000;0.06;1;14.757745027542114;3486352
20000;40000;420000;0.08;1;16.627752780914307;3334872
20000;40000;420000;0.1;1;14.156267881393433;3215640
20000;40000;420000;0.12000000000000001;1;16.9655339717865;3117928
20000;40000;420000;0.14;1;13.955476999282837;3035344
20000;40000;420000;0.16;1;15.693036079406738;2960720
20000;40000;420000;0.18;1;17.23525381088257;2895512
20000;40000;420000;0.19999999999999998;1;16.18553590774536;2838608
20000;40000;420000;0.21999999999999997;1;16.373099088668823;2787000
20000;40000;420000;0.23999999999999996;1;15.281372785568237;2742048
20000;40000;420000;0.25999999999999995;1;16.772977828979492;2695448
20000;40000;420000;0.27999999999999997;1;15.01914119720459;2658632
20000;40000;420000;0.3;1;16.14838719367981;2619200
20000;40000;420000;0.32;1;15.723145008087158;2585384
20000;40000;420000;0.34;1;14.853478193283081;2553432
20000;40000;420000;0.36000000000000004;1;14.814394235610962;2529944
20000;40000;420000;0.38000000000000006;1;15.852825164794922;2500504
20000;40000;420000;0.4000000000000001;1;15.937228918075562;2480240
20000;40000;420000;0.4200000000000001;1;14.856260061264038;2460272
20000;40000;420000;0.4400000000000001;1;16.21257996559143;2442936
20000;40000;420000;0.46000000000000013;1;15.12418794631958;2433000
20000;40000;420000;0.48000000000000015;1;15.319514989852905;2418992
20000;40000;420000;0.5000000000000001;1;15.914380073547363;2409792
20000;40000;420000;0.5200000000000001;1;17.342386722564697;2407016
20000;40000;420000;0.5400000000000001;1;16.82383108139038;2407432
20000;40000;420000;0.5600000000000002;1;16.216012239456177;2409080
20000;40000;440000;0.02;1;16.076863050460815;4240000
20000;40000;420000;0.5800000000000002;1;21.212459087371826;2421808
20000;40000;440000;0.04;1;14.995572090148926;3871048
20000;40000;440000;0.06;1;15.149980068206787;3654160
20000;40000;440000;0.08;1;16.795249223709106;3494920
20000;40000;440000;0.1;1;16.31185007095337;3369072
20000;40000;440000;0.12000000000000001;1;14.236433267593384;3269696
20000;40000;440000;0.14;1;16.95313286781311;3181176
20000;40000;440000;0.16;1;15.172737121582031;3102736
20000;40000;440000;0.18;1;16.913084983825684;3033024
20000;40000;440000;0.19999999999999998;1;17.467164993286133;2977088
20000;40000;440000;0.21999999999999997;1;16.947722911834717;2919752
20000;40000;440000;0.23999999999999996;1;14.791612386703491;2870504
20000;40000;440000;0.25999999999999995;1;15.28033995628357;2825600
20000;40000;440000;0.27999999999999997;1;17.361319065093994;2786144
20000;40000;440000;0.3;1;15.602089881896973;2747736
20000;40000;440000;0.32;1;17.692095041275024;2710424
20000;40000;440000;0.34;1;15.738996982574463;2677824
20000;40000;440000;0.36000000000000004;1;14.728557825088501;2647616
20000;40000;440000;0.38000000000000006;1;14.419140815734863;2624408
20000;40000;440000;0.4000000000000001;1;17.747963905334473;2600776
20000;40000;440000;0.4200000000000001;1;17.847021102905273;2580504
20000;40000;440000;0.4400000000000001;1;16.92507529258728;2562632
20000;40000;440000;0.46000000000000013;1;18.574513912200928;2547200
20000;40000;440000;0.48000000000000015;1;16.060546159744263;2535992
20000;40000;440000;0.5000000000000001;1;18.260154008865356;2525536
20000;40000;440000;0.5200000000000001;1;19.855541229248047;2520616
20000;40000;440000;0.5400000000000001;1;19.350688934326172;2520600
20000;40000;440000;0.5600000000000002;1;16.86567211151123;2523680
20000;40000;460000;0.02;1;15.23757004737854;4431744
20000;40000;460000;0.04;1;17.33112072944641;4047440
20000;40000;440000;0.5800000000000002;1;22.875768184661865;2537264
20000;40000;460000;0.06;1;17.66673517227173;3822912
20000;40000;460000;0.08;1;18.411706924438477;3654928
20000;40000;460000;0.1;1;17.922651767730713;3523784
20000;40000;460000;0.12000000000000001;1;18.51041316986084;3416360
20000;40000;460000;0.14;1;18.89688992500305;3324536
20000;40000;460000;0.16;1;17.16136407852173;3244488
20000;40000;460000;0.18;1;15.66939902305603;3174192
20000;40000;460000;0.19999999999999998;1;20.265641927719116;3111808
20000;40000;460000;0.21999999999999997;1;18.770335912704468;3049424
20000;40000;460000;0.23999999999999996;1;19.82328176498413;3003840
20000;40000;460000;0.25999999999999995;1;17.48707389831543;2949544
20000;40000;460000;0.27999999999999997;1;18.043160915374756;2912368
20000;40000;460000;0.3;1;18.82132887840271;2869616
20000;40000;460000;0.32;1;20.799158811569214;2832856
20000;40000;460000;0.34;1;20.372272968292236;2801456
20000;40000;460000;0.36000000000000004;1;15.637080192565918;2771888
20000;40000;460000;0.38000000000000006;1;21.449810028076172;2743968
20000;40000;460000;0.4000000000000001;1;20.03104305267334;2719768
20000;40000;460000;0.4200000000000001;1;20.861377000808716;2695688
20000;40000;460000;0.4400000000000001;1;21.609284162521362;2678320
20000;40000;460000;0.46000000000000013;1;19.562982320785522;2661632
20000;40000;460000;0.48000000000000015;1;17.079090118408203;2653360
20000;40000;460000;0.5000000000000001;1;18.043628931045532;2641984
20000;40000;460000;0.5200000000000001;1;20.945845127105713;2635984
20000;40000;460000;0.5400000000000001;1;16.860721826553345;2635576
20000;40000;480000;0.02;1;15.09015417098999;4623536
20000;40000;460000;0.5600000000000002;1;22.1513409614563;2641688
20000;40000;480000;0.04;1;15.631946086883545;4220704
20000;40000;480000;0.06;1;14.976324796676636;3979152
20000;40000;460000;0.5800000000000002;1;18.31049609184265;2651488
20000;40000;480000;0.08;1;16.459915161132812;3814384
20000;40000;480000;0.1;1;15.917917966842651;3672136
20000;40000;480000;0.12000000000000001;1;17.65189480781555;3565000
20000;40000;480000;0.14;1;17.705257177352905;3465248
20000;40000;480000;0.16;1;17.564489126205444;3385760
20000;40000;480000;0.18;1;18.439852714538574;3312136
20000;40000;480000;0.19999999999999998;1;17.808538913726807;3244168
20000;40000;480000;0.21999999999999997;1;18.12206220626831;3184928
20000;40000;480000;0.23999999999999996;1;16.257052898406982;3131168
20000;40000;480000;0.25999999999999995;1;18.079339027404785;3081856
20000;40000;480000;0.27999999999999997;1;16.263811111450195;3038560
20000;40000;480000;0.3;1;17.153459072113037;2996912
20000;40000;480000;0.32;1;16.785129070281982;2954488
20000;40000;480000;0.34;1;15.946210145950317;2923040
20000;40000;480000;0.36000000000000004;1;15.611335039138794;2890664
20000;40000;480000;0.38000000000000006;1;20.32198715209961;2863128
20000;40000;480000;0.4000000000000001;1;20.027140140533447;2832848
20000;40000;480000;0.4200000000000001;1;20.027642965316772;2813896
20000;40000;480000;0.4400000000000001;1;20.229835033416748;2798608
20000;40000;480000;0.46000000000000013;1;18.743830919265747;2774944
20000;40000;480000;0.48000000000000015;1;20.437569856643677;2766096
20000;40000;480000;0.5000000000000001;1;20.89781403541565;2757144
20000;40000;480000;0.5200000000000001;1;20.71969509124756;2752888
20000;40000;480000;0.5400000000000001;1;18.27784490585327;2752416
20000;40000;480000;0.5600000000000002;1;19.166121006011963;2756016
20000;40000;500000;0.02;1;15.004849910736084;4820176
20000;40000;480000;0.5800000000000002;1;21.645721197128296;2766272
20000;40000;500000;0.04;1;16.21241021156311;4396000
20000;40000;500000;0.06;1;20.00486993789673;4151264
20000;40000;500000;0.08;1;17.83216691017151;3970168
20000;40000;500000;0.1;1;16.537397861480713;3834040
20000;40000;500000;0.12000000000000001;1;18.43193507194519;3711600
20000;40000;500000;0.14;1;20.709283113479614;3614616
20000;40000;500000;0.16;1;16.111994981765747;3524792
20000;40000;500000;0.18;1;20.560443878173828;3448664
20000;40000;500000;0.19999999999999998;1;19.03880500793457;3378816
20000;40000;500000;0.21999999999999997;1;16.811851739883423;3316816
20000;40000;500000;0.23999999999999996;1;21.842566967010498;3260616
20000;40000;500000;0.25999999999999995;1;21.96558427810669;3208136
20000;40000;500000;0.27999999999999997;1;21.4877507686615;3165368
20000;40000;500000;0.3;1;18.87411093711853;3120488
20000;40000;500000;0.32;1;21.538050889968872;3080496
20000;40000;500000;0.34;1;18.88853621482849;3041760
20000;40000;500000;0.36000000000000004;1;21.32680320739746;3011840
20000;40000;500000;0.38000000000000006;1;21.92061710357666;2979888
20000;40000;500000;0.4000000000000001;1;16.924192190170288;2951008
20000;40000;500000;0.4200000000000001;1;17.551215887069702;2930856
20000;40000;500000;0.4400000000000001;1;21.96758508682251;2908896
20000;40000;500000;0.46000000000000013;1;22.167453050613403;2894120
20000;40000;500000;0.48000000000000015;1;19.922487020492554;2882288
20000;40000;500000;0.5000000000000001;1;25.234164237976074;2870536
20000;40000;500000;0.5200000000000001;1;20.38959002494812;2867128
20000;40000;500000;0.5400000000000001;1;20.324718952178955;2866040
20000;40000;520000;0.02;1;16.14227318763733;5007584
20000;40000;520000;0.04;1;19.79318928718567;4583280
20000;40000;500000;0.5600000000000002;1;25.014863967895508;2868328
20000;40000;500000;0.5800000000000002;1;25.69717311859131;2882040
20000;40000;520000;0.06;1;18.778995037078857;4317304
20000;40000;520000;0.08;1;16.79421901702881;4125576
20000;40000;520000;0.1;1;17.17041802406311;3983872
20000;40000;520000;0.12000000000000001;1;18.377471923828125;3861144
20000;40000;520000;0.14;1;21.818807125091553;3760320
20000;40000;520000;0.16;1;17.818344831466675;3669536
20000;40000;520000;0.18;1;17.77432608604431;3586304
20000;40000;520000;0.19999999999999998;1;22.847625970840454;3518720
20000;40000;520000;0.21999999999999997;1;22.188907623291016;3449304
20000;40000;520000;0.23999999999999996;1;17.02289891242981;3392048
20000;40000;520000;0.25999999999999995;1;22.45492720603943;3338120
20000;40000;520000;0.27999999999999997;1;20.187496185302734;3296000
20000;40000;520000;0.3;1;19.59394097328186;3247752
20000;40000;520000;0.32;1;23.40653705596924;3200864
20000;40000;520000;0.34;1;21.56304907798767;3167536
20000;40000;520000;0.36000000000000004;1;19.80546998977661;3132792
20000;40000;520000;0.38000000000000006;1;18.651043176651;3098552
20000;40000;520000;0.4000000000000001;1;21.502885103225708;3075664
20000;40000;520000;0.4200000000000001;1;18.518474817276;3047624
20000;40000;520000;0.4400000000000001;1;19.837886810302734;3025544
20000;40000;520000;0.46000000000000013;1;21.312989950180054;3007480
20000;40000;520000;0.48000000000000015;1;18.897588968276978;2994936
20000;40000;520000;0.5000000000000001;1;19.59828019142151;2987744
20000;40000;520000;0.5200000000000001;1;21.345582008361816;2985256
20000;40000;520000;0.5400000000000001;1;21.910706996917725;2980048
20000;40000;520000;0.5600000000000002;1;21.17975902557373;2983552
20000;40000;540000;0.02;1;15.740556001663208;5197424
20000;40000;540000;0.04;1;16.51358985900879;4751744
20000;40000;520000;0.5800000000000002;1;24.056578159332275;2998680
20000;40000;540000;0.06;1;18.658225059509277;4484208
20000;40000;540000;0.08;1;17.3934428691864;4287552
20000;40000;540000;0.1;1;20.51102328300476;4133240
20000;40000;540000;0.12000000000000001;1;17.7407968044281;4008904
20000;40000;540000;0.14;1;20.73618721961975;3901464
20000;40000;540000;0.16;1;21.19822406768799;3808464
20000;40000;540000;0.18;1;18.812272787094116;3722552
20000;40000;540000;0.19999999999999998;1;17.943483114242554;3648960
20000;40000;540000;0.21999999999999997;1;21.62777280807495;3584456
20000;40000;540000;0.23999999999999996;1;20.6634521484375;3520776
20000;40000;540000;0.25999999999999995;1;18.182814836502075;3467016
20000;40000;540000;0.27999999999999997;1;22.106226921081543;3415608
20000;40000;540000;0.3;1;18.08456015586853;3368328
20000;40000;540000;0.32;1;21.14448094367981;3327424
20000;40000;540000;0.34;1;22.338541746139526;3290096
20000;40000;540000;0.36000000000000004;1;23.027822971343994;3253096
20000;40000;540000;0.38000000000000006;1;19.70947003364563;3219904
20000;40000;540000;0.4000000000000001;1;21.738893747329712;3191304
20000;40000;540000;0.4200000000000001;1;23.059931993484497;3164128
20000;40000;540000;0.4400000000000001;1;19.39201021194458;3139568
20000;40000;540000;0.46000000000000013;1;21.157939910888672;3125272
20000;40000;540000;0.48000000000000015;1;20.611396074295044;3109048
20000;40000;540000;0.5000000000000001;1;20.981976747512817;3100568
20000;40000;540000;0.5200000000000001;1;22.308791160583496;3095416
20000;40000;540000;0.5400000000000001;1;22.432633876800537;3095216
20000;40000;540000;0.5600000000000002;1;21.62167000770569;3099448
20000;40000;560000;0.02;1;18.86011815071106;5394928
20000;40000;540000;0.5800000000000002;1;24.51285696029663;3117000
20000;40000;560000;0.04;1;19.379735946655273;4924752
20000;40000;560000;0.06;1;20.937888145446777;4648864
20000;40000;560000;0.08;1;20.52706217765808;4449744
20000;40000;560000;0.1;1;19.989383935928345;4291040
20000;40000;560000;0.12000000000000001;1;20.77753210067749;4154896
20000;40000;560000;0.14;1;20.1836040019989;4046256
20000;40000;560000;0.16;1;20.139302253723145;3951088
20000;40000;560000;0.18;1;21.923414707183838;3865808
20000;40000;560000;0.19999999999999998;1;21.059530019760132;3782984
20000;40000;560000;0.21999999999999997;1;18.930073022842407;3718728
20000;40000;560000;0.23999999999999996;1;20.38726019859314;3653504
20000;40000;560000;0.25999999999999995;1;20.68010902404785;3595616
20000;40000;560000;0.27999999999999997;1;19.54609203338623;3539448
20000;40000;560000;0.3;1;20.015532732009888;3493168
20000;40000;560000;0.32;1;21.433053016662598;3451720
20000;40000;560000;0.34;1;21.134527921676636;3408728
20000;40000;560000;0.36000000000000004;1;18.97254705429077;3371984
20000;40000;560000;0.38000000000000006;1;22.014465808868408;3339664
20000;40000;560000;0.4000000000000001;1;21.10444974899292;3303456
20000;40000;560000;0.4200000000000001;1;19.768558740615845;3283952
20000;40000;560000;0.4400000000000001;1;21.47634506225586;3258744
20000;40000;560000;0.46000000000000013;1;21.130584239959717;3243784
20000;40000;560000;0.48000000000000015;1;20.16083598136902;3225640
20000;40000;560000;0.5000000000000001;1;20.596853971481323;3214352
20000;40000;560000;0.5200000000000001;1;21.779229879379272;3210208
20000;40000;560000;0.5400000000000001;1;21.092246055603027;3207544
20000;40000;560000;0.5600000000000002;1;22.694329977035522;3213304
20000;40000;580000;0.02;1;18.242030143737793;5589896
20000;40000;580000;0.04;1;17.324135780334473;5109432
20000;40000;580000;0.06;1;18.893896102905273;4820152
20000;40000;580000;0.08;1;20.201932191848755;4601192
20000;40000;580000;0.1;1;20.043966054916382;4443496
20000;40000;560000;0.5800000000000002;1;29.234827995300293;3223792
20000;40000;580000;0.12000000000000001;1;21.765785932540894;4302744
20000;40000;580000;0.14;1;23.266243934631348;4191280
20000;40000;580000;0.16;1;21.86421298980713;4092248
20000;40000;580000;0.18;1;22.971869945526123;4004528
20000;40000;580000;0.19999999999999998;1;24.684336185455322;3924184
20000;40000;580000;0.21999999999999997;1;22.48430323600769;3849152
20000;40000;580000;0.23999999999999996;1;22.179444074630737;3780312
20000;40000;580000;0.25999999999999995;1;23.093137979507446;3724480
20000;40000;580000;0.27999999999999997;1;22.01139998435974;3666952
20000;40000;580000;0.3;1;20.378825902938843;3619496
20000;40000;580000;0.32;1;21.932610750198364;3574016
20000;40000;580000;0.34;1;23.309537887573242;3529816
20000;40000;580000;0.36000000000000004;1;19.7390878200531;3494864
20000;40000;580000;0.38000000000000006;1;23.41181778907776;3456608
20000;40000;580000;0.4000000000000001;1;24.045140981674194;3428936
20000;40000;580000;0.4200000000000001;1;21.869232892990112;3399960
20000;40000;580000;0.4400000000000001;1;22.818207025527954;3379104
20000;40000;580000;0.46000000000000013;1;23.678194284439087;3355112
20000;40000;580000;0.48000000000000015;1;22.80468201637268;3342192
20000;40000;580000;0.5000000000000001;1;20.622576236724854;3331992
20000;40000;580000;0.5200000000000001;1;23.771257162094116;3326288
20000;40000;580000;0.5400000000000001;1;23.599969148635864;3322984
20000;40000;580000;0.5600000000000002;1;22.941405773162842;3329184
20000;40000;600000;0.02;1;18.07611918449402;5773832
20000;40000;580000;0.5800000000000002;1;26.590252161026;3341512
20000;40000;600000;0.04;1;19.565685987472534;5278744
20000;40000;600000;0.06;1;20.545389890670776;4977136
20000;40000;600000;0.08;1;19.42033100128174;4763816
20000;40000;600000;0.1;1;24.359641790390015;4596416
20000;40000;600000;0.12000000000000001;1;20.819299936294556;4455600
20000;40000;600000;0.14;1;27.67279624938965;4336280
20000;40000;600000;0.16;1;25.496888160705566;4231928
20000;40000;600000;0.18;1;19.27075719833374;4135472
20000;40000;600000;0.19999999999999998;1;21.60171413421631;4061480
20000;40000;600000;0.21999999999999997;1;25.673599004745483;3982976
20000;40000;600000;0.23999999999999996;1;27.748927116394043;3915944
20000;40000;600000;0.25999999999999995;1;25.06926679611206;3855608
20000;40000;600000;0.27999999999999997;1;27.640364170074463;3793576
20000;40000;600000;0.3;1;20.751858949661255;3743664
20000;40000;600000;0.32;1;24.401728868484497;3698696
20000;40000;600000;0.34;1;26.042972087860107;3655728
20000;40000;600000;0.36000000000000004;1;26.89138889312744;3612360
20000;40000;600000;0.38000000000000006;1;22.58754277229309;3577520
20000;40000;600000;0.4000000000000001;1;26.253196001052856;3543520
20000;40000;600000;0.4200000000000001;1;24.884472131729126;3516824
20000;40000;600000;0.4400000000000001;1;25.347418308258057;3490824
20000;40000;600000;0.46000000000000013;1;27.05943512916565;3473904
20000;40000;600000;0.48000000000000015;1;24.511885166168213;3454856
20000;40000;600000;0.5000000000000001;1;22.255147218704224;3445608
20000;40000;600000;0.5200000000000001;1;26.56781792640686;3438768
20000;40000;600000;0.5400000000000001;1;28.226184129714966;3437904
20000;40000;600000;0.5600000000000002;1;23.313855171203613;3444728
20000;40000;620000;0.02;1;19.90605092048645;5981376
20000;40000;620000;0.04;1;20.550297260284424;5453896
20000;40000;600000;0.5800000000000002;1;32.01644277572632;3456048
20000;40000;620000;0.06;1;21.135141134262085;5146968
20000;40000;620000;0.08;1;21.590463876724243;4923168
20000;40000;620000;0.1;1;23.431719064712524;4747912
20000;40000;620000;0.12000000000000001;1;20.801648139953613;4603720
20000;40000;620000;0.14;1;25.200546741485596;4480320
20000;40000;620000;0.16;1;25.50745177268982;4372448
20000;40000;620000;0.18;1;22.798402070999146;4279160
20000;40000;620000;0.19999999999999998;1;24.86826491355896;4190848
20000;40000;620000;0.21999999999999997;1;27.21548295021057;4115168
20000;40000;620000;0.23999999999999996;1;26.214473962783813;4044280
20000;40000;620000;0.25999999999999995;1;22.05329418182373;3980912
20000;40000;620000;0.27999999999999997;1;25.04642367362976;3917400
20000;40000;620000;0.3;1;24.042253971099854;3867840
20000;40000;620000;0.32;1;21.719838857650757;3816808
20000;40000;620000;0.34;1;24.71838688850403;3777560
20000;40000;620000;0.36000000000000004;1;22.91823697090149;3732472
20000;40000;620000;0.38000000000000006;1;21.80801796913147;3698640
20000;40000;620000;0.4000000000000001;1;23.945473194122314;3660936
20000;40000;620000;0.4200000000000001;1;24.86718988418579;3631840
20000;40000;620000;0.4400000000000001;1;22.51781988143921;3607224
20000;40000;620000;0.46000000000000013;1;24.95808982849121;3589456
20000;40000;620000;0.48000000000000015;1;24.333371877670288;3570392
20000;40000;620000;0.5000000000000001;1;23.41447877883911;3561264
20000;40000;620000;0.5200000000000001;1;25.334112882614136;3554640
20000;40000;620000;0.5400000000000001;1;25.983265161514282;3551072
20000;40000;620000;0.5600000000000002;1;24.712650060653687;3559992
20000;40000;640000;0.02;1;21.978742122650146;6165552
20000;40000;640000;0.04;1;19.582874298095703;5629896
20000;40000;620000;0.5800000000000002;1;26.576985120773315;3572336
20000;40000;640000;0.06;1;22.475167989730835;5316128
20000;40000;640000;0.08;1;23.83340311050415;5081336
20000;40000;640000;0.1;1;20.759671688079834;4901584
20000;40000;640000;0.12000000000000001;1;26.678699016571045;4752120
20000;40000;640000;0.14;1;26.135891914367676;4624336
20000;40000;640000;0.16;1;21.444621086120605;4516328
20000;40000;640000;0.18;1;26.811506032943726;4417624
20000;40000;640000;0.19999999999999998;1;28.724596977233887;4329840
20000;40000;640000;0.21999999999999997;1;25.688961029052734;4247520
20000;40000;640000;0.23999999999999996;1;29.03623604774475;4173864
20000;40000;640000;0.25999999999999995;1;29.045165061950684;4108648
20000;40000;640000;0.27999999999999997;1;26.54031205177307;4049232
20000;40000;640000;0.3;1;29.864835023880005;3995768
20000;40000;640000;0.32;1;29.59568738937378;3941192
20000;40000;640000;0.34;1;25.399991750717163;3897064
20000;40000;640000;0.36000000000000004;1;28.362245082855225;3851472
20000;40000;640000;0.38000000000000006;1;30.62385892868042;3817640
20000;40000;640000;0.4000000000000001;1;22.39689612388611;3783960
20000;40000;640000;0.4200000000000001;1;31.067830801010132;3752944
20000;40000;640000;0.4400000000000001;1;30.319700956344604;3727320
20000;40000;640000;0.46000000000000013;1;25.78638792037964;3708512
20000;40000;640000;0.48000000000000015;1;32.56277394294739;3686680
20000;40000;640000;0.5000000000000001;1;33.452447175979614;3673832
20000;40000;640000;0.5200000000000001;1;31.622425079345703;3669848
20000;40000;640000;0.5400000000000001;1;32.34206414222717;3667368
20000;40000;660000;0.02;1;21.332074880599976;6360312
20000;40000;640000;0.5600000000000002;1;33.453986167907715;3668280
20000;40000;660000;0.04;1;23.517173051834106;5809608
20000;40000;660000;0.06;1;24.23432183265686;5476432
20000;40000;660000;0.08;1;23.27856993675232;5246736
20000;40000;640000;0.5800000000000002;1;32.62629294395447;3686624
20000;40000;660000;0.1;1;23.65541672706604;5054952
20000;40000;660000;0.12000000000000001;1;22.275906085968018;4901736
20000;40000;660000;0.14;1;23.558008909225464;4771464
20000;40000;660000;0.16;1;22.744072914123535;4653480
20000;40000;660000;0.18;1;24.056691884994507;4554040
20000;40000;660000;0.19999999999999998;1;25.481285095214844;4461600
20000;40000;660000;0.21999999999999997;1;23.23152208328247;4380568
20000;40000;660000;0.23999999999999996;1;24.423759937286377;4305216
20000;40000;660000;0.25999999999999995;1;25.878792762756348;4242752
20000;40000;660000;0.27999999999999997;1;23.452338933944702;4175648
20000;40000;660000;0.3;1;26.018721103668213;4115144
20000;40000;660000;0.32;1;26.825790882110596;4068688
20000;40000;660000;0.34;1;25.474066019058228;4021232
20000;40000;660000;0.36000000000000004;1;23.068567991256714;3974824
20000;40000;660000;0.38000000000000006;1;25.88769507408142;3935568
20000;40000;660000;0.4000000000000001;1;25.405715942382812;3901336
20000;40000;660000;0.4200000000000001;1;23.981940984725952;3871168
20000;40000;660000;0.4400000000000001;1;26.524384021759033;3843240
20000;40000;660000;0.46000000000000013;1;23.9017550945282;3823072
20000;40000;660000;0.48000000000000015;1;23.315613985061646;3800144
20000;40000;660000;0.5000000000000001;1;25.07679581642151;3792784
20000;40000;660000;0.5200000000000001;1;26.69353985786438;3782784
20000;40000;660000;0.5400000000000001;1;25.35683512687683;3782448
20000;40000;660000;0.5600000000000002;1;27.223215103149414;3789288
20000;40000;680000;0.02;1;20.70911407470703;6551816
20000;40000;660000;0.5800000000000002;1;31.712881803512573;3803808
20000;40000;680000;0.04;1;20.4322988986969;5982512
20000;40000;680000;0.06;1;23.513332843780518;5643672
20000;40000;680000;0.08;1;24.78849697113037;5401800
20000;40000;680000;0.1;1;23.140877962112427;5213440
20000;40000;680000;0.12000000000000001;1;24.34456205368042;5048424
20000;40000;680000;0.14;1;24.37142300605774;4912608
20000;40000;680000;0.16;1;23.29721975326538;4792944
20000;40000;680000;0.19999999999999998;1;25.499200105667114;4599016
20000;40000;680000;0.18;1;26.15243911743164;4688880
20000;40000;680000;0.21999999999999997;1;25.413803815841675;4512728
20000;40000;680000;0.23999999999999996;1;23.90147304534912;4435720
20000;40000;680000;0.25999999999999995;1;26.577763080596924;4367832
20000;40000;680000;0.27999999999999997;1;24.7780818939209;4299232
20000;40000;680000;0.3;1;22.66848587989807;4239688
20000;40000;680000;0.32;1;26.458189964294434;4186424
20000;40000;680000;0.34;1;24.63461184501648;4142224
20000;40000;680000;0.36000000000000004;1;24.329298973083496;4094328
20000;40000;680000;0.38000000000000006;1;23.42290472984314;4056232
20000;40000;680000;0.4000000000000001;1;26.785542249679565;4016488
20000;40000;680000;0.4200000000000001;1;23.758188009262085;3988360
20000;40000;680000;0.4400000000000001;1;26.410314083099365;3958560
20000;40000;680000;0.46000000000000013;1;27.05862307548523;3934792
20000;40000;680000;0.48000000000000015;1;25.32391095161438;3916744
20000;40000;680000;0.5000000000000001;1;26.66835880279541;3903960
20000;40000;680000;0.5200000000000001;1;28.174517154693604;3895376
20000;40000;680000;0.5400000000000001;1;28.548335790634155;3895112
20000;40000;680000;0.5600000000000002;1;26.632799863815308;3903280
20000;40000;700000;0.02;1;23.672780990600586;6741072
20000;40000;700000;0.04;1;21.75464701652527;6159512
20000;40000;680000;0.5800000000000002;1;31.98140025138855;3920624
20000;40000;700000;0.06;1;24.51866316795349;5815072
20000;40000;700000;0.08;1;29.155688047409058;5564240
20000;40000;700000;0.1;1;26.419152975082397;5355432
20000;40000;700000;0.12000000000000001;1;22.449934720993042;5192808
20000;40000;700000;0.14;1;31.273274898529053;5059816
20000;40000;700000;0.16;1;27.726258039474487;4936480
20000;40000;700000;0.18;1;30.512075901031494;4831480
20000;40000;700000;0.19999999999999998;1;31.897325038909912;4735200
20000;40000;700000;0.21999999999999997;1;29.918567895889282;4645136
20000;40000;700000;0.23999999999999996;1;26.825543880462646;4567160
20000;40000;700000;0.25999999999999995;1;32.08347797393799;4492656
20000;40000;700000;0.27999999999999997;1;31.75209617614746;4423952
20000;40000;700000;0.3;1;25.83077597618103;4363104
20000;40000;700000;0.32;1;31.814409971237183;4313808
20000;40000;700000;0.34;1;28.60017490386963;4261904
20000;40000;700000;0.36000000000000004;1;27.678220748901367;4212328
20000;40000;700000;0.38000000000000006;1;32.5324387550354;4175184
20000;40000;700000;0.4000000000000001;1;32.89974403381348;4135992
20000;40000;700000;0.4200000000000001;1;27.239558219909668;4105872
20000;40000;700000;0.4400000000000001;1;30.769496202468872;4078704
20000;40000;700000;0.46000000000000013;1;31.17715096473694;4053688
20000;40000;700000;0.48000000000000015;1;26.536368131637573;4032840
20000;40000;700000;0.5000000000000001;1;34.37837743759155;4021344
20000;40000;700000;0.5200000000000001;1;33.95428490638733;4014624
20000;40000;700000;0.5400000000000001;1;26.32487726211548;4013232
20000;40000;720000;0.02;1;25.58471918106079;6942112
20000;40000;720000;0.04;1;25.549402713775635;6329080
20000;40000;700000;0.5800000000000002;1;34.074702978134155;4035256
20000;40000;720000;0.06;1;27.53895092010498;5977728
20000;40000;700000;0.5600000000000002;1;33.633527994155884;4019712
20000;40000;720000;0.08;1;27.444286823272705;5715952
20000;40000;720000;0.1;1;27.72197389602661;5516256
20000;40000;720000;0.12000000000000001;1;25.48875904083252;5347416
20000;40000;720000;0.14;1;22.6580810546875;5205112
20000;40000;720000;0.16;1;24.46216917037964;5078944
20000;40000;720000;0.18;1;26.376514673233032;4967976
20000;40000;720000;0.19999999999999998;1;30.463874101638794;4869032
20000;40000;720000;0.21999999999999997;1;24.581942081451416;4778896
20000;40000;720000;0.23999999999999996;1;25.680731773376465;4702280
20000;40000;720000;0.25999999999999995;1;31.866518020629883;4623992
20000;40000;720000;0.27999999999999997;1;32.10387706756592;4554600
20000;40000;720000;0.3;1;31.52588391304016;4491792
20000;40000;720000;0.32;1;32.09594511985779;4434864
20000;40000;720000;0.34;1;33.76730680465698;4382528
20000;40000;720000;0.36000000000000004;1;28.302982091903687;4335616
20000;40000;720000;0.38000000000000006;1;32.00699210166931;4293536
20000;40000;720000;0.4000000000000001;1;31.390266180038452;4254592
20000;40000;720000;0.4200000000000001;1;28.793967962265015;4223200
20000;40000;720000;0.46000000000000013;1;26.193312883377075;4169344
20000;40000;720000;0.4400000000000001;1;29.620157957077026;4191240
20000;40000;720000;0.48000000000000015;1;27.427584648132324;4144160
20000;40000;720000;0.5000000000000001;1;26.64748525619507;4132720
20000;40000;720000;0.5200000000000001;1;32.55129075050354;4128128
20000;40000;720000;0.5400000000000001;1;27.92758798599243;4124312
20000;40000;720000;0.5600000000000002;1;29.657665967941284;4130416
20000;40000;740000;0.02;1;26.356221914291382;7120704
20000;40000;720000;0.5800000000000002;1;33.108875036239624;4145352
20000;40000;740000;0.04;1;27.034648180007935;6511328
20000;40000;740000;0.06;1;27.20531392097473;6143392
20000;40000;740000;0.08;1;26.440356969833374;5876464
20000;40000;740000;0.1;1;27.71924901008606;5667248
20000;40000;740000;0.12000000000000001;1;25.99169611930847;5492904
20000;40000;740000;0.14;1;23.801804065704346;5348528
20000;40000;740000;0.16;1;26.56792902946472;5217888
20000;40000;740000;0.18;1;26.666884183883667;5104536
20000;40000;740000;0.19999999999999998;1;25.353661060333252;5001488
20000;40000;740000;0.21999999999999997;1;27.89148998260498;4913336
20000;40000;740000;0.23999999999999996;1;29.09917688369751;4824504
20000;40000;740000;0.25999999999999995;1;25.834208011627197;4751600
20000;40000;740000;0.27999999999999997;1;30.62208914756775;4684480
20000;40000;740000;0.3;1;30.7937228679657;4615640
20000;40000;740000;0.32;1;29.830801010131836;4560016
20000;40000;740000;0.34;1;27.193440914154053;4511856
20000;40000;740000;0.36000000000000004;1;30.65131688117981;4454736
20000;40000;740000;0.38000000000000006;1;29.418459177017212;4413176
20000;40000;740000;0.4000000000000001;1;28.37075424194336;4372328
20000;40000;740000;0.4200000000000001;1;29.37968611717224;4336992
20000;40000;740000;0.4400000000000001;1;26.79066801071167;4311464
20000;40000;740000;0.46000000000000013;1;26.425530195236206;4286128
20000;40000;740000;0.48000000000000015;1;27.42104697227478;4265600
20000;40000;740000;0.5000000000000001;1;29.43704128265381;4249152
20000;40000;740000;0.5200000000000001;1;28.014745950698853;4239608
20000;40000;740000;0.5400000000000001;1;27.840511798858643;4239232
20000;40000;740000;0.5600000000000002;1;32.33600211143494;4247040
20000;40000;760000;0.02;1;24.085545778274536;7317688
20000;40000;760000;0.04;1;24.757083892822266;6692656
20000;40000;760000;0.06;1;24.89154314994812;6309472
20000;40000;740000;0.5800000000000002;1;32.917431116104126;4268272
20000;40000;760000;0.08;1;25.23311996459961;6036256
20000;40000;760000;0.1;1;29.558575868606567;5819640
20000;40000;760000;0.12000000000000001;1;27.984162092208862;5645128
20000;40000;760000;0.14;1;31.203533172607422;5495320
20000;40000;760000;0.16;1;32.176108837127686;5358240
20000;40000;760000;0.18;1;30.257478952407837;5240672
20000;40000;760000;0.19999999999999998;1;27.428679943084717;5143072
20000;40000;760000;0.21999999999999997;1;32.94482088088989;5044784
20000;40000;760000;0.23999999999999996;1;30.136826992034912;4954080
20000;40000;760000;0.25999999999999995;1;31.673070907592773;4879072
20000;40000;760000;0.27999999999999997;1;34.736063957214355;4809816
20000;40000;760000;0.3;1;27.333558797836304;4741744
20000;40000;760000;0.32;1;32.80666708946228;4683712
20000;40000;760000;0.34;1;34.92963194847107;4626208
20000;40000;760000;0.36000000000000004;1;34.753881216049194;4580744
20000;40000;760000;0.38000000000000006;1;29.368422746658325;4530840
20000;40000;760000;0.4000000000000001;1;35.06843185424805;4489944
20000;40000;760000;0.4200000000000001;1;33.650635957717896;4456920
20000;40000;760000;0.4400000000000001;1;28.11923623085022;4422376
20000;40000;760000;0.46000000000000013;1;35.758431911468506;4401040
20000;40000;760000;0.48000000000000015;1;32.653401136398315;4378768
20000;40000;760000;0.5000000000000001;1;28.607650995254517;4364040
20000;40000;760000;0.5200000000000001;1;28.68273615837097;4353240
20000;40000;760000;0.5400000000000001;1;34.94980001449585;4353400
20000;40000;780000;0.02;1;23.840755939483643;7514144
20000;40000;760000;0.5600000000000002;1;28.52536702156067;4362384
20000;40000;760000;0.5800000000000002;1;35.40880489349365;4373856
20000;40000;780000;0.04;1;25.606399059295654;6861528
20000;40000;780000;0.06;1;24.14778184890747;6475056
20000;40000;780000;0.08;1;28.101694107055664;6191520
20000;40000;780000;0.1;1;31.586854219436646;5975432
20000;40000;780000;0.12000000000000001;1;30.701443910598755;5793776
20000;40000;780000;0.14;1;32.68914985656738;5635608
20000;40000;780000;0.16;1;32.53256869316101;5497624
20000;40000;780000;0.18;1;28.875473976135254;5380416
20000;40000;780000;0.19999999999999998;1;33.33883309364319;5269816
20000;40000;780000;0.21999999999999997;1;33.723541021347046;5175936
20000;40000;780000;0.23999999999999996;1;29.29220199584961;5092504
20000;40000;780000;0.25999999999999995;1;25.654587745666504;5004168
20000;40000;780000;0.27999999999999997;1;32.44167995452881;4934312
20000;40000;780000;0.3;1;26.656831979751587;4868664
20000;40000;780000;0.32;1;33.427199840545654;4804368
20000;40000;780000;0.34;1;34.66374897956848;4750744
20000;40000;780000;0.38000000000000006;1;29.866796016693115;4651760
20000;40000;780000;0.4000000000000001;1;35.21617293357849;4610760
20000;40000;780000;0.4200000000000001;1;35.28104305267334;4567064
20000;40000;780000;0.36000000000000004;1;31.368836879730225;4698712
20000;40000;780000;0.4400000000000001;1;34.63248896598816;4542224
20000;40000;780000;0.46000000000000013;1;35.75849914550781;4514136
20000;40000;780000;0.48000000000000015;1;32.99154305458069;4493800
20000;40000;780000;0.5000000000000001;1;32.784876108169556;4480464
20000;40000;780000;0.5200000000000001;1;35.07538199424744;4471800
20000;40000;780000;0.5400000000000001;1;31.47874903678894;4471672
20000;40000;780000;0.5600000000000002;1;32.975934982299805;4475512
20000;40000;800000;0.02;1;26.91489005088806;7709088
20000;40000;800000;0.04;1;28.68245506286621;7049552
20000;40000;780000;0.5800000000000002;1;39.88351798057556;4497384
20000;40000;800000;0.06;1;25.92013692855835;6645896
20000;40000;800000;0.08;1;28.970699071884155;6353400
20000;40000;800000;0.1;1;27.019859075546265;6127800
20000;40000;800000;0.12000000000000001;1;30.452811002731323;5941272
20000;40000;800000;0.14;1;32.023813009262085;5783672
20000;40000;800000;0.16;1;31.521270036697388;5638544
20000;40000;800000;0.18;1;27.929507970809937;5522416
20000;40000;800000;0.19999999999999998;1;30.014276266098022;5405840
20000;40000;800000;0.21999999999999997;1;33.01057004928589;5312208
20000;40000;800000;0.23999999999999996;1;30.837871074676514;5217056
20000;40000;800000;0.25999999999999995;1;31.985761165618896;5137152
20000;40000;800000;0.27999999999999997;1;29.98680019378662;5062232
20000;40000;800000;0.3;1;26.56978702545166;4992864
20000;40000;800000;0.32;1;28.076459169387817;4929984
20000;40000;800000;0.34;1;30.28264021873474;4871808
20000;40000;800000;0.36000000000000004;1;30.14061999320984;4819232
20000;40000;800000;0.38000000000000006;1;27.955641984939575;4768576
20000;40000;800000;0.4000000000000001;1;32.09140419960022;4721912
20000;40000;800000;0.4200000000000001;1;28.137578010559082;4690712
20000;40000;800000;0.4400000000000001;1;29.82982087135315;4658000
20000;40000;800000;0.46000000000000013;1;30.99564504623413;4629616
20000;40000;800000;0.48000000000000015;1;31.68311095237732;4609496
20000;40000;800000;0.5000000000000001;1;28.620072841644287;4591184
20000;40000;800000;0.5200000000000001;1;32.58183193206787;4589112
20000;40000;800000;0.5400000000000001;1;33.39312505722046;4587056
20000;40000;800000;0.5600000000000002;1;30.31820297241211;4592888
20000;40000;820000;0.02;1;23.57588815689087;7904728
20000;40000;820000;0.04;1;24.8602077960968;7216000
20000;40000;800000;0.5800000000000002;1;37.19276189804077;4609616
20000;40000;820000;0.06;1;27.867884635925293;6811176
20000;40000;820000;0.08;1;27.11524772644043;6512600
20000;40000;820000;0.1;1;34.209938049316406;6282408
20000;40000;820000;0.12000000000000001;1;28.58842706680298;6085336
20000;40000;820000;0.14;1;33.21955394744873;5922256
20000;40000;820000;0.16;1;34.327178955078125;5781544
20000;40000;820000;0.18;1;29.79114007949829;5659520
20000;40000;820000;0.19999999999999998;1;32.013179779052734;5544392
20000;40000;820000;0.21999999999999997;1;34.935060024261475;5440216
20000;40000;820000;0.23999999999999996;1;33.73362183570862;5347568
20000;40000;820000;0.25999999999999995;1;27.526868104934692;5264736
20000;40000;820000;0.27999999999999997;1;34.51984000205994;5185024
20000;40000;820000;0.3;1;31.861500024795532;5116408
20000;40000;820000;0.32;1;30.481884956359863;5052080
20000;40000;820000;0.34;1;34.70380902290344;4997560
20000;40000;820000;0.36000000000000004;1;32.47352385520935;4936544
20000;40000;820000;0.38000000000000006;1;28.95768094062805;4888360
20000;40000;820000;0.4000000000000001;1;32.74457001686096;4847616
20000;40000;820000;0.4200000000000001;1;35.39554786682129;4807008
20000;40000;820000;0.4400000000000001;1;29.15200686454773;4768968
20000;40000;820000;0.46000000000000013;1;33.04002785682678;4744584
20000;40000;820000;0.48000000000000015;1;36.075613021850586;4726424
20000;40000;820000;0.5000000000000001;1;33.208901166915894;4713744
20000;40000;820000;0.5200000000000001;1;36.06083703041077;4701792
20000;40000;820000;0.5400000000000001;1;39.430118799209595;4698384
20000;40000;840000;0.02;1;28.495244026184082;8087912
20000;40000;820000;0.5600000000000002;1;36.730039834976196;4704568
20000;40000;840000;0.04;1;31.82744789123535;7392512
20000;40000;820000;0.5800000000000002;1;41.381925106048584;4726144
20000;40000;840000;0.06;1;29.897083282470703;6982016
20000;40000;840000;0.08;1;30.436941862106323;6673424
20000;40000;840000;0.1;1;37.74806237220764;6436352
20000;40000;840000;0.12000000000000001;1;31.68074870109558;6234992
20000;40000;840000;0.14;1;39.265254974365234;6067304
20000;40000;840000;0.16;1;39.04316997528076;5923256
20000;40000;840000;0.18;1;37.12160897254944;5798488
20000;40000;840000;0.19999999999999998;1;32.485424757003784;5678176
20000;40000;840000;0.21999999999999997;1;39.617358922958374;5570736
20000;40000;840000;0.23999999999999996;1;35.82603907585144;5480240
20000;40000;840000;0.25999999999999995;1;38.632224798202515;5390616
20000;40000;840000;0.27999999999999997;1;37.41017436981201;5312760
20000;40000;840000;0.3;1;31.36774706840515;5242872
20000;40000;840000;0.32;1;32.53199791908264;5170352
20000;40000;840000;0.34;1;39.933807134628296;5114200
20000;40000;840000;0.36000000000000004;1;38.602152824401855;5058272
20000;40000;840000;0.38000000000000006;1;32.58877682685852;5007664
20000;40000;840000;0.4000000000000001;1;40.262714862823486;4969248
20000;40000;840000;0.4200000000000001;1;34.38169598579407;4926584
20000;40000;840000;0.4400000000000001;1;38.51479697227478;4890968
20000;40000;840000;0.46000000000000013;1;40.829452991485596;4861696
20000;40000;840000;0.48000000000000015;1;40.82910084724426;4837280
20000;40000;840000;0.5000000000000001;1;33.03404474258423;4822048
20000;40000;840000;0.5200000000000001;1;41.31626486778259;4813504
20000;40000;840000;0.5400000000000001;1;40.3561110496521;4814368
20000;40000;840000;0.5600000000000002;1;36.88993000984192;4822736
20000;40000;860000;0.02;1;30.904402256011963;8282736
20000;40000;840000;0.5800000000000002;1;43.88450813293457;4842544
20000;40000;860000;0.04;1;30.275256156921387;7566528
20000;40000;860000;0.06;1;32.21639013290405;7139264
20000;40000;860000;0.08;1;32.913532733917236;6826104
20000;40000;860000;0.1;1;35.15554094314575;6585528
20000;40000;860000;0.12000000000000001;1;31.110467195510864;6386696
20000;40000;860000;0.14;1;35.07794380187988;6217120
20000;40000;860000;0.16;1;34.89712476730347;6067168
20000;40000;860000;0.18;1;31.118036031723022;5930760
20000;40000;860000;0.19999999999999998;1;29.092427968978882;5812112
20000;40000;860000;0.21999999999999997;1;36.77554202079773;5705400
20000;40000;860000;0.23999999999999996;1;36.92044806480408;5607960
20000;40000;860000;0.25999999999999995;1;29.934804916381836;5518432
20000;40000;860000;0.27999999999999997;1;37.88384795188904;5440672
20000;40000;860000;0.3;1;30.988571166992188;5364472
20000;40000;860000;0.32;1;38.58780384063721;5297336
20000;40000;860000;0.36000000000000004;1;36.84347486495972;5178232
20000;40000;860000;0.34;1;38.316367864608765;5237600
20000;40000;860000;0.38000000000000006;1;33.91370105743408;5124112
20000;40000;860000;0.4000000000000001;1;30.177508115768433;5081472
20000;40000;860000;0.4200000000000001;1;36.5160551071167;5040720
20000;40000;860000;0.4400000000000001;1;31.341287851333618;5004488
20000;40000;860000;0.46000000000000013;1;37.16043496131897;4976520
20000;40000;860000;0.48000000000000015;1;33.10881280899048;4959624
20000;40000;860000;0.5000000000000001;1;30.903407096862793;4938648
20000;40000;860000;0.5200000000000001;1;30.95771598815918;4928776
20000;40000;860000;0.5400000000000001;1;37.84285306930542;4925792
20000;40000;860000;0.5600000000000002;1;39.34369707107544;4937976
20000;40000;880000;0.02;1;28.770915985107422;8473184
20000;40000;860000;0.5800000000000002;1;40.216031074523926;4957368
20000;40000;880000;0.04;1;26.00621795654297;7744336
20000;40000;880000;0.06;1;32.096035957336426;7306080
20000;40000;880000;0.08;1;35.68532085418701;6984424
20000;40000;880000;0.1;1;36.78870892524719;6741664
20000;40000;880000;0.12000000000000001;1;32.43791890144348;6531824
20000;40000;880000;0.14;1;40.05186605453491;6361752
20000;40000;880000;0.16;1;39.66294813156128;6206024
20000;40000;880000;0.18;1;40.41323375701904;6069296
20000;40000;880000;0.19999999999999998;1;40.775047063827515;5949704
20000;40000;880000;0.21999999999999997;1;38.225451946258545;5840520
20000;40000;880000;0.23999999999999996;1;28.48641610145569;5739256
20000;40000;880000;0.25999999999999995;1;32.13682699203491;5648288
20000;40000;880000;0.27999999999999997;1;39.75625205039978;5563616
20000;40000;880000;0.3;1;35.764240980148315;5485984
20000;40000;880000;0.32;1;38.231001138687134;5424600
20000;40000;880000;0.34;1;30.910542011260986;5352888
20000;40000;880000;0.36000000000000004;1;34.382976055145264;5298784
20000;40000;880000;0.38000000000000006;1;39.57859492301941;5248704
20000;40000;880000;0.4000000000000001;1;39.87662196159363;5199984
20000;40000;880000;0.4200000000000001;1;40.21549081802368;5160360
20000;40000;880000;0.4400000000000001;1;34.810914754867554;5121440
20000;40000;880000;0.46000000000000013;1;38.11321973800659;5094568
20000;40000;880000;0.48000000000000015;1;35.553778886795044;5070944
20000;40000;880000;0.5000000000000001;1;41.5114860534668;5052960
20000;40000;880000;0.5200000000000001;1;42.95466327667236;5046944
20000;40000;880000;0.5400000000000001;1;32.99875092506409;5042096
20000;40000;880000;0.5600000000000002;1;34.265233755111694;5048560
20000;40000;900000;0.02;1;35.04771590232849;8662920
20000;40000;880000;0.5800000000000002;1;39.718634843826294;5072736
20000;40000;900000;0.04;1;34.902644872665405;7918600
20000;40000;900000;0.06;1;36.89452385902405;7471552
20000;40000;900000;0.08;1;37.227412939071655;7144320
20000;40000;900000;0.1;1;37.76255917549133;6890488
20000;40000;900000;0.12000000000000001;1;37.057088136672974;6680368
20000;40000;900000;0.14;1;36.03996706008911;6508448
20000;40000;900000;0.16;1;30.940848112106323;6343752
20000;40000;900000;0.18;1;39.22582483291626;6206400
20000;40000;900000;0.19999999999999998;1;34.48026895523071;6088824
20000;40000;900000;0.21999999999999997;1;33.525209188461304;5972008
20000;40000;900000;0.23999999999999996;1;30.224066019058228;5870968
20000;40000;900000;0.25999999999999995;1;35.87980914115906;5782056
20000;40000;900000;0.27999999999999997;1;40.52283811569214;5695616
20000;40000;900000;0.3;1;41.87147402763367;5616776
20000;40000;900000;0.32;1;40.97983384132385;5544960
20000;40000;900000;0.34;1;35.607332706451416;5478232
20000;40000;900000;0.36000000000000004;1;41.193511962890625;5418256
20000;40000;900000;0.38000000000000006;1;40.84541392326355;5365232
20000;40000;900000;0.4000000000000001;1;40.07534694671631;5318328
20000;40000;900000;0.4200000000000001;1;40.14485192298889;5275080
20000;40000;900000;0.4400000000000001;1;33.65913796424866;5235512
20000;40000;900000;0.46000000000000013;1;35.07610487937927;5211432
20000;40000;900000;0.48000000000000015;1;42.0113799571991;5187640
20000;40000;900000;0.5000000000000001;1;41.16777205467224;5167264
20000;40000;900000;0.5200000000000001;1;34.81887698173523;5159128
20000;40000;900000;0.5400000000000001;1;43.129887104034424;5156264
20000;40000;900000;0.5600000000000002;1;36.824865102767944;5163840
20000;40000;920000;0.02;1;34.121865034103394;8861920
20000;40000;920000;0.04;1;34.33110189437866;8093000
20000;40000;920000;0.06;1;30.835891008377075;7634336
20000;40000;900000;0.5800000000000002;1;44.08220887184143;5186728
20000;40000;920000;0.08;1;34.30651307106018;7304816
20000;40000;920000;0.1;1;34.408339977264404;7048488
20000;40000;920000;0.12000000000000001;1;34.20168495178223;6829960
20000;40000;920000;0.14;1;35.468886852264404;6642568
20000;40000;920000;0.16;1;37.264923095703125;6488832
20000;40000;920000;0.18;1;37.31678795814514;6342568
20000;40000;920000;0.19999999999999998;1;33.62718677520752;6220464
20000;40000;920000;0.21999999999999997;1;37.29731726646423;6110304
20000;40000;920000;0.23999999999999996;1;37.661372900009155;5998176
20000;40000;920000;0.25999999999999995;1;37.24628782272339;5908112
20000;40000;920000;0.27999999999999997;1;37.96571087837219;5821072
20000;40000;920000;0.3;1;31.881736993789673;5741112
20000;40000;920000;0.32;1;32.27956581115723;5667032
20000;40000;920000;0.34;1;32.42003011703491;5599888
20000;40000;920000;0.36000000000000004;1;38.615240812301636;5541528
20000;40000;920000;0.38000000000000006;1;36.32609677314758;5486096
20000;40000;920000;0.4000000000000001;1;35.29766297340393;5434824
20000;40000;920000;0.4200000000000001;1;37.806983947753906;5394480
20000;40000;920000;0.4400000000000001;1;32.757181882858276;5357032
20000;40000;920000;0.46000000000000013;1;35.7973051071167;5327368
20000;40000;920000;0.48000000000000015;1;37.965861797332764;5304216
20000;40000;920000;0.5000000000000001;1;39.15788173675537;5283392
20000;40000;920000;0.5200000000000001;1;34.44951677322388;5271840
20000;40000;920000;0.5400000000000001;1;37.414496183395386;5269464
20000;40000;940000;0.02;1;29.64181113243103;9051992
20000;40000;920000;0.5600000000000002;1;38.344122886657715;5279920
20000;40000;920000;0.5800000000000002;1;38.03845286369324;5299760
20000;40000;940000;0.04;1;25.75892186164856;8276576
20000;40000;940000;0.06;1;34.041982889175415;7804176
20000;40000;940000;0.08;1;31.261434078216553;7465952
20000;40000;940000;0.1;1;31.142847299575806;7198656
20000;40000;940000;0.12000000000000001;1;38.583828926086426;6975336
20000;40000;940000;0.14;1;33.579020977020264;6795072
20000;40000;940000;0.16;1;32.851917028427124;6636096
20000;40000;940000;0.18;1;39.86930203437805;6484624
20000;40000;940000;0.19999999999999998;1;39.262970209121704;6358560
20000;40000;940000;0.21999999999999997;1;33.93517780303955;6237976
20000;40000;940000;0.23999999999999996;1;34.89306616783142;6133896
20000;40000;940000;0.25999999999999995;1;39.59758996963501;6040544
20000;40000;940000;0.27999999999999997;1;34.28883695602417;5948104
20000;40000;940000;0.3;1;40.707321882247925;5864048
20000;40000;940000;0.32;1;40.197643995285034;5793768
20000;40000;940000;0.34;1;32.93955874443054;5721224
20000;40000;940000;0.36000000000000004;1;35.46308612823486;5660320
20000;40000;940000;0.38000000000000006;1;40.983258962631226;5605984
20000;40000;940000;0.4000000000000001;1;38.897972106933594;5554672
20000;40000;940000;0.4200000000000001;1;34.42209506034851;5511672
20000;40000;940000;0.4400000000000001;1;38.69937801361084;5472840
20000;40000;940000;0.46000000000000013;1;34.05201601982117;5440600
20000;40000;940000;0.48000000000000015;1;33.717775106430054;5416696
20000;40000;940000;0.5000000000000001;1;39.86134576797485;5397512
20000;40000;940000;0.5200000000000001;1;39.159502029418945;5387344
20000;40000;940000;0.5400000000000001;1;36.84304904937744;5388856
20000;40000;940000;0.5600000000000002;1;38.3882269859314;5399320
20000;40000;960000;0.02;1;29.69385027885437;9243048
20000;40000;940000;0.5800000000000002;1;42.431480884552;5412808
20000;40000;960000;0.04;1;32.28154397010803;8449096
20000;40000;960000;0.06;1;31.19062304496765;7965728
20000;40000;960000;0.08;1;32.373262882232666;7621568
20000;40000;960000;0.1;1;32.298577070236206;7350000
20000;40000;960000;0.12000000000000001;1;33.162874937057495;7130288
20000;40000;960000;0.14;1;35.966859102249146;6939152
20000;40000;960000;0.16;1;32.38790702819824;6775968
20000;40000;960000;0.18;1;33.39225792884827;6624184
20000;40000;960000;0.19999999999999998;1;35.448792934417725;6487656
20000;40000;960000;0.21999999999999997;1;36.67517590522766;6370688
20000;40000;960000;0.23999999999999996;1;33.85438299179077;6262296
20000;40000;960000;0.25999999999999995;1;37.13995599746704;6165992
20000;40000;960000;0.27999999999999997;1;34.70140099525452;6077952
20000;40000;960000;0.3;1;32.71881318092346;5993440
20000;40000;960000;0.32;1;34.60007619857788;5914072
20000;40000;960000;0.34;1;35.5884690284729;5844488
20000;40000;960000;0.36000000000000004;1;34.56655287742615;5784032
20000;40000;960000;0.38000000000000006;1;34.71853518486023;5722280
20000;40000;960000;0.4000000000000001;1;35.89196300506592;5669992
20000;40000;960000;0.4200000000000001;1;35.25357413291931;5629936
20000;40000;960000;0.4400000000000001;1;37.027328968048096;5587544
20000;40000;960000;0.46000000000000013;1;37.360921144485474;5554088
20000;40000;960000;0.48000000000000015;1;36.092509269714355;5531344
20000;40000;960000;0.5000000000000001;1;37.095714807510376;5511232
20000;40000;960000;0.5200000000000001;1;36.80977988243103;5503648
20000;40000;960000;0.5400000000000001;1;38.27753233909607;5502488
20000;40000;960000;0.5600000000000002;1;38.86634087562561;5511688
20000;40000;980000;0.02;1;31.447284936904907;9440184
20000;40000;980000;0.04;1;31.371845960617065;8625016
20000;40000;960000;0.5800000000000002;1;41.587247133255005;5530536
20000;40000;980000;0.06;1;30.773428916931152;8136232
20000;40000;980000;0.08;1;32.66764688491821;7781512
20000;40000;980000;0.1;1;37.22040009498596;7500464
20000;40000;980000;0.12000000000000001;1;33.75477409362793;7275920
20000;40000;980000;0.14;1;35.64471197128296;7082960
20000;40000;980000;0.16;1;42.317163944244385;6908528
20000;40000;980000;0.18;1;34.38155388832092;6768120
20000;40000;980000;0.19999999999999998;1;37.726962089538574;6627128
20000;40000;980000;0.21999999999999997;1;40.70798301696777;6503016
20000;40000;980000;0.23999999999999996;1;42.47847008705139;6391744
20000;40000;980000;0.25999999999999995;1;35.55274701118469;6293176
20000;40000;980000;0.27999999999999997;1;42.50352692604065;6199944
20000;40000;980000;0.3;1;40.48336100578308;6113176
20000;40000;980000;0.32;1;34.80162501335144;6041048
20000;40000;980000;0.34;1;40.54832100868225;5970232
20000;40000;980000;0.36000000000000004;1;41.24699306488037;5902976
20000;40000;980000;0.38000000000000006;1;41.78469514846802;5846904
20000;40000;980000;0.4000000000000001;1;39.30210828781128;5789864
20000;40000;980000;0.4200000000000001;1;43.59661602973938;5742808
20000;40000;980000;0.4400000000000001;1;41.54831886291504;5700760
20000;40000;980000;0.46000000000000013;1;40.95551085472107;5675112
20000;40000;980000;0.48000000000000015;1;43.62421774864197;5645392
20000;40000;980000;0.5000000000000001;1;40.740198850631714;5625000
20000;40000;980000;0.5200000000000001;1;37.35175180435181;5622024
20000;40000;980000;0.5400000000000001;1;40.12759709358215;5609168
20000;40000;1000000;0.02;1;30.85924983024597;9626256
20000;40000;980000;0.5800000000000002;1;40.81132888793945;5643120
20000;40000;1000000;0.04;1;31.29888916015625;8800728
20000;40000;980000;0.5600000000000002;1;45.48641514778137;5624432
20000;40000;1000000;0.06;1;33.0766327381134;8305704
20000;40000;1000000;0.08;1;33.23163986206055;7939840
20000;40000;1000000;0.1;1;42.559008836746216;7665152
20000;40000;1000000;0.12000000000000001;1;41.230555057525635;7427472
20000;40000;1000000;0.14;1;36.122891902923584;7228728
20000;40000;1000000;0.16;1;42.443055868148804;7051888
20000;40000;1000000;0.18;1;45.13195180892944;6898824
20000;40000;1000000;0.19999999999999998;1;36.78396701812744;6762392
20000;40000;1000000;0.21999999999999997;1;47.263836145401;6632840
20000;40000;1000000;0.23999999999999996;1;46.609724044799805;6522640
20000;40000;1000000;0.25999999999999995;1;38.25647592544556;6425048
20000;40000;1000000;0.27999999999999997;1;41.4869818687439;6327152
20000;40000;1000000;0.3;1;45.05510902404785;6240528
20000;40000;1000000;0.32;1;39.8124840259552;6159272
20000;40000;1000000;0.34;1;43.45356893539429;6089464
20000;40000;1000000;0.36000000000000004;1;44.43775224685669;6028056
20000;40000;1000000;0.38000000000000006;1;34.28239393234253;5961392
20000;40000;1000000;0.4000000000000001;1;39.39554190635681;5908600
20000;40000;1000000;0.4200000000000001;1;45.9661967754364;5863656
20000;40000;1000000;0.4400000000000001;1;41.716442823410034;5820352
20000;40000;1000000;0.46000000000000013;1;46.58260679244995;5787704
20000;40000;1000000;0.48000000000000015;1;48.28910732269287;5761736
20000;40000;1000000;0.5000000000000001;1;38.56366324424744;5742928
20000;40000;1000000;0.5200000000000001;1;39.333280086517334;5734360
20000;40000;1000000;0.5400000000000001;1;42.3361451625824;5732168
20000;40000;1000000;0.5600000000000002;1;38.882159948349;5742360
20000;40000;1000000;0.5800000000000002;1;25.720339059829712;5759624
